,,,,,,,,,
Planetary Systems (PS),,Planetary Systems Composite Parameters (PSCP),,Confirmed Planets (retiring),,Composite Parameters (retiring),,Extended Parameters (retiring),
Database Column Name,Table Label or Comment,Database Column Name,Table Label or Comment,Database Column Name,Table Label or Comment,Database Column Name,Table Label or Comment,Column Name,Table Label or Comment
 pl_name,Planet Name, pl_name,Planet Name,pl_name,Planet Name,fpl_name,Planet Name,mpl_name,Planet Name
 hostname,Host Name, hostname,Host Name,pl_hostname,Host Name,fpl_hostname,Host Name,mpl_hostname,Host Name
 pl_letter,Planet Letter, pl_letter,Planet Letter,pl_letter,Planet Letter,fpl_letter,Planet Letter,mpl_letter,Planet Letter
 hd_name,HD ID, hd_name,HD ID,hd_name,HD ID,N/A,BOTH PLANETARY SYSTEMS AND PS_COMPOSITE TABLES,hd_name,HD ID
 hip_name,HIP ID, hip_name,HIP ID,hip_name,HIP ID,N/A,BOTH PLANETARY SYSTEMS AND PS_COMPOSITE TABLES,hip_name,HIP ID
 tic_id,TIC ID, tic_id,TIC ID,N/A,BOTH PLANETARY SYSTEMS AND PS_COMPOSITE TABLES,N/A,BOTH PLANETARY SYSTEMS AND PS_COMPOSITE TABLES,N/A,BOTH PLANETARY SYSTEMS AND PS_COMPOSITE TABLES
 gaia_id,GAIA ID, gaia_id,GAIA ID,N/A,BOTH PLANETARY SYSTEMS AND PS_COMPOSITE TABLES,N/A,BOTH PLANETARY SYSTEMS AND PS_COMPOSITE TABLES,N/A,BOTH PLANETARY SYSTEMS AND PS_COMPOSITE TABLES
 default_flag,Default Parameter Set,N/A,PLANETARY SYSTEMS ONLY,N/A,PLANETARY SYSTEMS ONLY,N/A,PLANETARY SYSTEMS ONLY,mpl_def,Default Parameter Set
 sy_snum,Number of Stars, sy_snum,Number of Stars,N/A,BOTH PLANETARY SYSTEMS AND PS_COMPOSITE TABLES,fpl_snum,Number of Stars,N/A,BOTH PLANETARY SYSTEMS AND PS_COMPOSITE TABLES
 sy_pnum,Number of Planets, sy_pnum,Number of Planets,pl_pnum,Number of Planets,N/A,BOTH PLANETARY SYSTEMS AND PS_COMPOSITE TABLES,mpl_pnum,Number of Planets
 sy_mnum,Number of Moons, sy_mnum,Number of Moons,pl_mnum,Number of Moons,N/A,BOTH PLANETARY SYSTEMS AND PS_COMPOSITE TABLES,mpl_mnum,Number of Moons
 cb_flag,Circumbinary Flag, cb_flag,Circumbinary Flag,pl_cbflag,Circumbinary Flag,fpl_cbflag,Circumbinary Flag,N/A,BOTH PLANETARY SYSTEMS AND PS_COMPOSITE TABLES
 discoverymethod,Discovery Method, discoverymethod,Discovery Method,pl_discmethod,Discovery Method,fpl_discmethod,Discovery Method,mpl_discmethod,Discovery Method
 disc_year,Discovery Year, disc_year,Discovery Year,pl_disc,Discovery Year,fpl_disc,Discovery Year,mpl_disc,Discovery Year
 disc_refname,Discovery Reference, disc_refname,Discovery Reference,pl_disc_reflink,Discovery Reference,N/A,BOTH PLANETARY SYSTEMS AND PS_COMPOSITE TABLES,N/A,BOTH PLANETARY SYSTEMS AND PS_COMPOSITE TABLES
 disc_pubdate,Discovery Publication Date, disc_pubdate,Discovery Publication Date,N/A,BOTH PLANETARY SYSTEMS AND PS_COMPOSITE TABLES,N/A,BOTH PLANETARY SYSTEMS AND PS_COMPOSITE TABLES,N/A,BOTH PLANETARY SYSTEMS AND PS_COMPOSITE TABLES
 disc_locale,Discovery Locale, disc_locale,Discovery Locale,pl_locale,Discovery Locale,N/A,BOTH PLANETARY SYSTEMS AND PS_COMPOSITE TABLES,N/A,BOTH PLANETARY SYSTEMS AND PS_COMPOSITE TABLES
 disc_facility,Discovery Facility, disc_facility,Discovery Facility,pl_facility,Discovery Facility,N/A,BOTH PLANETARY SYSTEMS AND PS_COMPOSITE TABLES,N/A,BOTH PLANETARY SYSTEMS AND PS_COMPOSITE TABLES
 disc_telescope,Discovery Telescope, disc_telescope,Discovery Telescope,pl_telescope,Discovery Telescope,N/A,BOTH PLANETARY SYSTEMS AND PS_COMPOSITE TABLES,N/A,BOTH PLANETARY SYSTEMS AND PS_COMPOSITE TABLES
 disc_instrument,Discovery Instrument, disc_instrument,Discovery Instrument,pl_instrument,Discovery Instrument,N/A,BOTH PLANETARY SYSTEMS AND PS_COMPOSITE TABLES,N/A,BOTH PLANETARY SYSTEMS AND PS_COMPOSITE TABLES
 rv_flag,Detected by Radial Velocity Variations, rv_flag,Detected by Radial Velocity Variations,pl_rvflag,Detected by Radial Velocity Variations,N/A,BOTH PLANETARY SYSTEMS AND PS_COMPOSITE TABLES,mpl_rvflag,Detected by Radial Velocity Variations
 pul_flag,Detected by Pulsar Timing Variations, pul_flag,Detected by Pulsar Timing Variations,N/A,BOTH PLANETARY SYSTEMS AND PS_COMPOSITE TABLES,N/A,BOTH PLANETARY SYSTEMS AND PS_COMPOSITE TABLES,N/A,BOTH PLANETARY SYSTEMS AND PS_COMPOSITE TABLES
 ptv_flag,Detected by Pulsation Timing Variations, ptv_flag,Detected by Pulsation Timing Variations,N/A,BOTH PLANETARY SYSTEMS AND PS_COMPOSITE TABLES,N/A,BOTH PLANETARY SYSTEMS AND PS_COMPOSITE TABLES,N/A,BOTH PLANETARY SYSTEMS AND PS_COMPOSITE TABLES
 tran_flag,Detected by Transits, tran_flag,Detected by Transits,pl_tranflag,Detected by Transits,fpl_tranflag,Detected by Transits,mpl_tranflag,Detected by Transits
 ast_flag,Detected by Astrometric Variations, ast_flag,Detected by Astrometric Variations,pl_astflag,Detected by Astrometric Variations,N/A,BOTH PLANETARY SYSTEMS AND PS_COMPOSITE TABLES,N/A,BOTH PLANETARY SYSTEMS AND PS_COMPOSITE TABLES
 obm_flag,Detected by Orbital Brightness Modulations, obm_flag,Detected by Orbital Brightness Modulations,pl_omflag,Detected by Orbital Brightness Modulations,N/A,BOTH PLANETARY SYSTEMS AND PS_COMPOSITE TABLES,N/A,BOTH PLANETARY SYSTEMS AND PS_COMPOSITE TABLES
 micro_flag,Detected by Microlensing, micro_flag,Detected by Microlensing,N/A,BOTH PLANETARY SYSTEMS AND PS_COMPOSITE TABLES,N/A,BOTH PLANETARY SYSTEMS AND PS_COMPOSITE TABLES,N/A,BOTH PLANETARY SYSTEMS AND PS_COMPOSITE TABLES
 etv_flag,Detected by Eclipse Timing Variations, etv_flag,Detected by Eclipse Timing Variations,N/A,BOTH PLANETARY SYSTEMS AND PS_COMPOSITE TABLES,N/A,BOTH PLANETARY SYSTEMS AND PS_COMPOSITE TABLES,N/A,BOTH PLANETARY SYSTEMS AND PS_COMPOSITE TABLES
 ima_flag,Detected by Imaging, ima_flag,Detected by Imaging,pl_imgflag,Detected by Imaging,N/A,BOTH PLANETARY SYSTEMS AND PS_COMPOSITE TABLES,N/A,BOTH PLANETARY SYSTEMS AND PS_COMPOSITE TABLES
 dkin_flag,Detected by Disk Kinematics, dkin_flag,Detected by Disk Kinematics,N/A,BOTH PLANETARY SYSTEMS AND PS_COMPOSITE TABLES,N/A,BOTH PLANETARY SYSTEMS AND PS_COMPOSITE TABLES,N/A,BOTH PLANETARY SYSTEMS AND PS_COMPOSITE TABLES
 soltype,Solution Type,N/A,PLANETARY SYSTEMS ONLY,N/A,PLANETARY SYSTEMS ONLY,N/A,PLANETARY SYSTEMS ONLY,N/A,PLANETARY SYSTEMS ONLY
 pl_controv_flag,Controversial Flag, pl_controv_flag,Controversial Flag,pl_controvflag,Controversial Flag,fpl_controvflag,Controversial Flag,N/A,BOTH PLANETARY SYSTEMS AND PS_COMPOSITE TABLES
 pl_refname,Planetary Parameter Reference,N/A,PLANETARY SYSTEMS ONLY,N/A,PLANETARY SYSTEMS ONLY,N/A,PLANETARY SYSTEMS ONLY,N/A,PLANETARY SYSTEMS ONLY
 pl_orbper,Orbital Period [days], pl_orbper,Orbital Period [days],pl_orbper,Orbital Period [days],fpl_orbper,Orbital Period [days],mpl_orbper,Orbital Period [days]
 pl_orbpererr1,Orbital Period Upper Unc. [days], pl_orbpererr1,Orbital Period Upper Unc. [days],pl_orbpererr1,Orbital Period Upper Unc. [days],fpl_orbpererr1,Orbital Period Upper Unc. [days],mpl_orbpererr1,Orbital Period Upper Unc. [days]
 pl_orbpererr2,Orbital Period Lower Unc. [days], pl_orbpererr2,Orbital Period Lower Unc. [days],pl_orbpererr2,Orbital Period Lower Unc. [days],fpl_orbpererr2,Orbital Period Lower Unc. [days],mpl_orbpererr2,Orbital Period Lower Unc. [days]
 pl_orbperlim,Orbital Period Limit Flag, pl_orbperlim,Orbital Period Limit Flag,pl_orbperlim,Orbital Period Limit Flag,fpl_orbperlim,Orbital Period Limit Flag,mpl_orbperlim,Orbital Period Limit Flag
N/A,PLANETARY SYSTEMS COMPOSITE PARAMETERS ONLY, pl_orbper_reflink,Orbital Period Reference,N/A,PLANETARY SYSTEMS COMPOSITE PARAMETERS ONLY,fpl_orbperreflink,Orbital Period Reference,N/A,PLANETARY SYSTEMS COMPOSITE PARAMETERS ONLY
 pl_orbsmax,Orbit Semi-Major Axis [au]), pl_orbsmax,Orbit Semi-Major Axis [au]),pl_orbsmax,Orbit Semi-Major Axis [au]),fpl_smax,Orbit Semi-Major Axis [au]),mpl_orbsmax,Orbit Semi-Major Axis [au])
 pl_orbsmaxerr1,Orbit Semi-Major Axis Upper Unc. [au], pl_orbsmaxerr1,Orbit Semi-Major Axis Upper Unc. [au],pl_orbsmaxerr1,Orbit Semi-Major Axis Upper Unc. [au],fpl_smaxerr1,Orbit Semi-Major Axis Upper Unc. [au],mpl_orbsmaxerr1,Orbit Semi-Major Axis Upper Unc. [au]
 pl_orbsmaxerr2,Orbit Semi-Major Axis Lower Unc. [au], pl_orbsmaxerr2,Orbit Semi-Major Axis Lower Unc. [au],pl_orbsmaxerr2,Orbit Semi-Major Axis Lower Unc. [au],fpl_smaxerr2,Orbit Semi-Major Axis Lower Unc. [au],mpl_orbsmaxerr2,Orbit Semi-Major Axis Lower Unc. [au]
 pl_orbsmaxlim,Orbit Semi-Major Axis Limit Flag, pl_orbsmaxlim,Orbit Semi-Major Axis Limit Flag,pl_orbsmaxlim,Orbit Semi-Major Axis Limit Flag,fpl_smaxlim,Orbit Semi-Major Axis Limit Flag,mpl_orbsmaxlim,Orbit Semi-Major Axis Limit Flag
N/A,PLANETARY SYSTEMS COMPOSITE PARAMETERS ONLY, pl_orbsmax_reflink,Orbit Semi-Major Axis Reference,N/A,PLANETARY SYSTEMS COMPOSITE PARAMETERS ONLY,fpl_smaxreflink,Orbit Semi-Major Axis Reference,N/A,PLANETARY SYSTEMS COMPOSITE PARAMETERS ONLY
 pl_rade,Planet Radius [Earth Radius], pl_rade,Planet Radius [Earth Radius],pl_rade,Planet Radius [Earth Radius],fpl_rade,Planet Radius [Earth Radius],mpl_rade,Planet Radius [Earth Radius]
 pl_radeerr1,Planet Radius Upper Unc. [Earth Radius], pl_radeerr1,Planet Radius Upper Unc. [Earth Radius],pl_radeerr1,Planet Radius Upper Unc. [Earth Radius],fpl_radeerr1,Planet Radius Upper Unc. [Earth Radius],mpl_radeerr1,Planet Radius Upper Unc. [Earth Radius]
 pl_radeerr2,Planet Radius Lower Unc. [Earth Radius], pl_radeerr2,Planet Radius Lower Unc. [Earth Radius],pl_radeerr2,Planet Radius Lower Unc. [Earth Radius],fpl_radeerr2,Planet Radius Lower Unc. [Earth Radius],mpl_radeerr2,Planet Radius Lower Unc. [Earth Radius]
 pl_radelim,Planet Radius Limit Flag, pl_radelim,Planet Radius Limit Flag,pl_radelim,Planet Radius Limit Flag,fpl_radelim,Planet Radius Limit Flag,mpl_radelim,Planet Radius Limit Flag
N/A,PLANETARY SYSTEMS COMPOSITE PARAMETERS ONLY, pl_rade_reflink,Planet Radius Reference,N/A,PLANETARY SYSTEMS COMPOSITE PARAMETERS ONLY,fpl_radreflink,Planet Radius Reference,N/A,PLANETARY SYSTEMS COMPOSITE PARAMETERS ONLY
 pl_radj,Planet Radius [Jupiter Radius], pl_radj,Planet Radius [Jupiter Radius],pl_radj,Planet Radius [Jupiter Radius],fpl_radj,Planet Radius [Jupiter Radius],mpl_radj,Planet Radius [Jupiter Radius]
 pl_radjerr1,Planet Radius Upper Unc. [Jupiter Radius], pl_radjerr1,Planet Radius Upper Unc. [Jupiter Radius],pl_radjerr1,Planet Radius Upper Unc. [Jupiter Radius],fpl_radjerr1,Planet Radius Upper Unc. [Jupiter Radius],mpl_radjerr1,Planet Radius Upper Unc. [Jupiter Radius]
 pl_radjerr2,Planet Radius Lower Unc. [Jupiter Radius], pl_radjerr2,Planet Radius Lower Unc. [Jupiter Radius],pl_radjerr2,Planet Radius Lower Unc. [Jupiter Radius],fpl_radjerr2,Planet Radius Lower Unc. [Jupiter Radius],mpl_radjerr2,Planet Radius Lower Unc. [Jupiter Radius]
 pl_radjlim,Planet Radius Limit Flag, pl_radjlim,Planet Radius Limit Flag,pl_radjlim,Planet Radius Limit Flag,fpl_radjlim,Planet Radius Limit Flag,mpl_radjlim,Planet Radius Limit Flag
N/A,PLANETARY SYSTEMS COMPOSITE PARAMETERS ONLY, pl_radj_reflink,Planet Radius Reference,N/A,PLANETARY SYSTEMS COMPOSITE PARAMETERS ONLY,fpl_radreflink,Planet Radius Reference,N/A,PLANETARY SYSTEMS COMPOSITE PARAMETERS ONLY
 pl_masse,Planet Mass [Earth Mass],N/A,PLANETARY SYSTEMS ONLY,pl_masse,Planet Mass [Earth Mass],N/A,PLANETARY SYSTEMS ONLY,mpl_masse,Planet Mass [Earth Mass]
 pl_masseerr1,Planet Mass [Earth Mass] Upper Unc.,N/A,PLANETARY SYSTEMS ONLY,pl_masseerr1,Planet Mass [Earth Mass] Upper Unc.,N/A,PLANETARY SYSTEMS ONLY,mpl_masse,Planet Mass [Earth Mass] Upper Unc.
 pl_masseerr2,Planet Mass [Earth Mass] Lower Unc.,N/A,PLANETARY SYSTEMS ONLY,pl_masseerr2,Planet Mass [Earth Mass] Lower Unc.,N/A,PLANETARY SYSTEMS ONLY,mpl_masse,Planet Mass [Earth Mass] Lower Unc.
 pl_masselim,Planet Mass [Earth Mass] Limit Flag,N/A,PLANETARY SYSTEMS ONLY,pl_masselim,Planet Mass [Earth Mass] Limit Flag,N/A,PLANETARY SYSTEMS ONLY,mpl_masse,Planet Mass [Earth Mass] Limit Flag
 pl_massj,Planet Mass [Jupiter Mass],N/A,PLANETARY SYSTEMS ONLY,pl_massj,Planet Mass [Jupiter Mass],N/A,PLANETARY SYSTEMS ONLY,mpl_massj,Planet Mass [Jupiter Mass]
 pl_massjerr1,Planet Mass [Jupiter Mass] Upper Unc.,N/A,PLANETARY SYSTEMS ONLY,pl_massjerr1,Planet Mass [Jupiter Mass] Upper Unc.,N/A,PLANETARY SYSTEMS ONLY,mpl_massjerr1,Planet Mass [Jupiter Mass] Upper Unc.
 pl_massjerr2,Planet Mass [Jupiter Mass] Lower Unc.,N/A,PLANETARY SYSTEMS ONLY,pl_massjerr2,Planet Mass [Jupiter Mass] Lower Unc.,N/A,PLANETARY SYSTEMS ONLY,mpl_massjerr2,Planet Mass [Jupiter Mass] Lower Unc.
 pl_massjlim,Planet Mass [Jupiter Mass] Limit Flag,N/A,PLANETARY SYSTEMS ONLY,pl_massjlim,Planet Mass [Jupiter Mass] Limit Flag,N/A,PLANETARY SYSTEMS ONLY,mpl_massjlim,Planet Mass [Jupiter Mass] Limit Flag
 pl_msinie,Planet Mass*sin(i) [Earth Mass],N/A,PLANETARY SYSTEMS ONLY,pl_msinie,Planet Mass*sin(i) [Earth Mass],N/A,PLANETARY SYSTEMS ONLY,mpl_msinie,Planet Mass*sin(i) [Earth Mass]
 pl_msinieerr1,Planet Mass*sin(i) [Earth Mass] Upper Unc.,N/A,PLANETARY SYSTEMS ONLY,pl_msinieerr1,Planet Mass*sin(i) [Earth Mass] Upper Unc.,N/A,PLANETARY SYSTEMS ONLY,mpl_msinieerr1,Planet Mass*sin(i) [Earth Mass] Upper Unc.
 pl_msinieerr2,Planet Mass*sin(i) [Earth Mass] Lower Unc.,N/A,PLANETARY SYSTEMS ONLY,pl_msinieerr2,Planet Mass*sin(i) [Earth Mass] Lower Unc.,N/A,PLANETARY SYSTEMS ONLY,mpl_msinieerr2,Planet Mass*sin(i) [Earth Mass] Lower Unc.
 pl_msinielim,Planet Mass*sin(i) [Earth Mass] Limit Flag,N/A,PLANETARY SYSTEMS ONLY,pl_msinielim,Planet Mass*sin(i) [Earth Mass] Limit Flag,N/A,PLANETARY SYSTEMS ONLY,mpl_msinielim,Planet Mass*sin(i) [Earth Mass] Limit Flag
 pl_msinij,Planet Mass*sin(i) [Jupiter Mass],N/A,PLANETARY SYSTEMS ONLY,pl_msinij,Planet Mass*sin(i) [Jupiter Mass],N/A,PLANETARY SYSTEMS ONLY,mpl_msinij,Planet Mass*sin(i) [Jupiter Mass]
 pl_msinijerr1,Planet Mass*sin(i) [Jupiter Mass] Upper Unc.,N/A,PLANETARY SYSTEMS ONLY,pl_msinijerr1,Planet Mass*sin(i) [Jupiter Mass] Upper Unc.,N/A,PLANETARY SYSTEMS ONLY,mpl_msinijerr1,Planet Mass*sin(i) [Jupiter Mass] Upper Unc.
 pl_msinijerr2,Planet Mass*sin(i) [Jupiter Mass] Lower Unc.,N/A,PLANETARY SYSTEMS ONLY,pl_msinijerr2,Planet Mass*sin(i) [Jupiter Mass] Lower Unc.,N/A,PLANETARY SYSTEMS ONLY,mpl_msinijerr2,Planet Mass*sin(i) [Jupiter Mass] Lower Unc.
 pl_msinijlim,Planet Mass*sin(i) [Jupiter Mass] Limit Flag,N/A,PLANETARY SYSTEMS ONLY,pl_msinijlim,Planet Mass*sin(i) [Jupiter Mass] Limit Flag,N/A,PLANETARY SYSTEMS ONLY,mpl_msinijlim,Planet Mass*sin(i) [Jupiter Mass] Limit Flag
 pl_cmasse,Planet Mass*sin(i)/sin(i) [Earth Mass],N/A,PLANETARY SYSTEMS ONLY,N/A,PLANETARY SYSTEMS ONLY,N/A,PLANETARY SYSTEMS ONLY,N/A,PLANETARY SYSTEMS ONLY
 pl_cmasseerr1,Planet Mass*sin(i)/sin(i) [Earth Mass] Upper Unc.,N/A,PLANETARY SYSTEMS ONLY,N/A,PLANETARY SYSTEMS ONLY,N/A,PLANETARY SYSTEMS ONLY,N/A,PLANETARY SYSTEMS ONLY
 pl_cmasseerr2,Planet Mass*sin(i)/sin(i) [Earth Mass] Lower Unc.,N/A,PLANETARY SYSTEMS ONLY,N/A,PLANETARY SYSTEMS ONLY,N/A,PLANETARY SYSTEMS ONLY,N/A,PLANETARY SYSTEMS ONLY
 pl_cmasselim,Planet Mass*sin(i)/sin(i) [Earth Mass] Limit Flag,N/A,PLANETARY SYSTEMS ONLY,N/A,PLANETARY SYSTEMS ONLY,N/A,PLANETARY SYSTEMS ONLY,N/A,PLANETARY SYSTEMS ONLY
 pl_cmassj,Planet Mass*sin(i)/sin(i) [Jupiter Mass],N/A,PLANETARY SYSTEMS ONLY,N/A,PLANETARY SYSTEMS ONLY,N/A,PLANETARY SYSTEMS ONLY,N/A,PLANETARY SYSTEMS ONLY
 pl_cmassjerr1,Planet Mass*sin(i)/sin(i) [Jupiter Mass] Upper Unc.,N/A,PLANETARY SYSTEMS ONLY,N/A,PLANETARY SYSTEMS ONLY,N/A,PLANETARY SYSTEMS ONLY,N/A,PLANETARY SYSTEMS ONLY
 pl_cmassjerr2,Planet Mass*sin(i)/sin(i) [Jupiter Mass] Lower Unc.,N/A,PLANETARY SYSTEMS ONLY,N/A,PLANETARY SYSTEMS ONLY,N/A,PLANETARY SYSTEMS ONLY,N/A,PLANETARY SYSTEMS ONLY
 pl_cmassjlim,Planet Mass*sin(i)/sin(i) [Jupiter Mass] Limit Flag,N/A,PLANETARY SYSTEMS ONLY,N/A,PLANETARY SYSTEMS ONLY,N/A,PLANETARY SYSTEMS ONLY,N/A,PLANETARY SYSTEMS ONLY
 pl_bmasse,Planet Mass or Mass*sin(i) [Earth Mass], pl_bmasse,Planet Mass or Mass*sin(i) [Earth Mass],pl_bmasse,Planet Mass or Mass*sin(i) [Earth Mass],fpl_bmasse,Planet Mass or Mass*sin(i) [Earth Mass],mpl_bmasse,Planet Mass or Mass*sin(i) [Earth Mass]
 pl_bmasseerr1,Planet Mass or Mass*sin(i) [Earth Mass] Upper Unc., pl_bmasseerr1,Planet Mass or Mass*sin(i) [Earth Mass] Upper Unc.,pl_bmasseerr1,Planet Mass or Mass*sin(i) [Earth Mass] Upper Unc.,fpl_bmasseerr1,Planet Mass or Mass*sin(i) [Earth Mass] Upper Unc.,mpl_bmasseerr1,Planet Mass or Mass*sin(i) [Earth Mass] Upper Unc.
 pl_bmasseerr2,Planet Mass or Mass*sin(i) [Earth Mass] Lower Unc., pl_bmasseerr2,Planet Mass or Mass*sin(i) [Earth Mass] Lower Unc.,pl_bmasseerr2,Planet Mass or Mass*sin(i) [Earth Mass] Lower Unc.,fpl_bmasseerr2,Planet Mass or Mass*sin(i) [Earth Mass] Lower Unc.,mpl_bmasseerr2,Planet Mass or Mass*sin(i) [Earth Mass] Lower Unc.
 pl_bmasselim,Planet Mass or Mass*sin(i) [Earth Mass] Limit Flag, pl_bmasselim,Planet Mass or Mass*sin(i) [Earth Mass] Limit Flag,pl_bmasselim,Planet Mass or Mass*sin(i) [Earth Mass] Limit Flag,fpl_bmasselim,Planet Mass or Mass*sin(i) [Earth Mass] Limit Flag,mpl_bmasselim,Planet Mass or Mass*sin(i) [Earth Mass] Limit Flag
N/A,PLANETARY SYSTEMS COMPOSITE PARAMETERS ONLY, pl_bmasse_reflink,Planet Mass or Mass*sin(i) [Earth Mass] Reference,N/A,PLANETARY SYSTEMS COMPOSITE PARAMETERS ONLY,fpl_bmassreflink,Planet Mass or Mass*sin(i) [Earth Mass] Reference,N/A,PLANETARY SYSTEMS COMPOSITE PARAMETERS ONLY
 pl_bmassj,Planet Mass or Mass*sin(i) [Jupiter Mass], pl_bmassj,Planet Mass or Mass*sin(i) [Jupiter Mass],pl_bmassj,Planet Mass or Mass*sin(i) [Jupiter Mass],fpl_bmassj,Planet Mass or Mass*sin(i) [Jupiter Mass],mpl_bmassj,Planet Mass or Mass*sin(i) [Jupiter Mass]
 pl_bmassjerr1,Planet Mass or Mass*sin(i) [Jupiter Mass] Upper Unc., pl_bmassjerr1,Planet Mass or Mass*sin(i) [Jupiter Mass] Upper Unc.,pl_bmassjerr1,Planet Mass or Mass*sin(i) [Jupiter Mass] Upper Unc.,fpl_bmassjerr1,Planet Mass or Mass*sin(i) [Jupiter Mass] Upper Unc.,mpl_bmassjerr1,Planet Mass or Mass*sin(i) [Jupiter Mass] Upper Unc.
 pl_bmassjerr2,Planet Mass or Mass*sin(i) [Jupiter Mass] Lower Unc., pl_bmassjerr2,Planet Mass or Mass*sin(i) [Jupiter Mass] Lower Unc.,pl_bmassjerr2,Planet Mass or Mass*sin(i) [Jupiter Mass] Lower Unc.,fpl_bmassjerr2,Planet Mass or Mass*sin(i) [Jupiter Mass] Lower Unc.,mpl_bmassjerr2,Planet Mass or Mass*sin(i) [Jupiter Mass] Lower Unc.
 pl_bmassjlim,Planet Mass or Mass*sin(i) [Jupiter Mass] Limit Flag, pl_bmassjlim,Planet Mass or Mass*sin(i) [Jupiter Mass] Limit Flag,pl_bmassjlim,Planet Mass or Mass*sin(i) [Jupiter Mass] Limit Flag,fpl_bmassjlim,Planet Mass or Mass*sin(i) [Jupiter Mass] Limit Flag,mpl_bmassjlim,Planet Mass or Mass*sin(i) [Jupiter Mass] Limit Flag
N/A,PLANETARY SYSTEMS COMPOSITE PARAMETERS ONLY, pl_bmassj_reflink,Planet Mass or Mass*sin(i) [Jupiter Mass] Reference,N/A,PLANETARY SYSTEMS COMPOSITE PARAMETERS ONLY,fpl_bmassreflink,Planet Mass or Mass*sin(i) [Jupiter Mass] Reference,N/A,PLANETARY SYSTEMS COMPOSITE PARAMETERS ONLY
 pl_bmassprov,Planet Mass or Mass*sin(i) Provenance, pl_bmassprov,Planet Mass or Mass*sin(i) Provenance,pl_bmassprov,Planet Mass or Mass*sin(i) Provenance,fpl_bmassprov,Planet Mass or Mass*sin(i) Provenance,mpl_bmassprov,Planet Mass or Mass*sin(i) Provenance
 pl_dens,Planet Density [g/cm**3], pl_dens,Planet Density [g/cm**3],pl_dens,Planet Density [g/cm**3],fpl_dens,Planet Density [g/cm**3],mpl_dens,Planet Density [g/cm**3]
 pl_denserr1,Planet Density Upper Unc. [g/cm**3], pl_denserr1,Planet Density Upper Unc. [g/cm**3],pl_denserr1,Planet Density Upper Unc. [g/cm**3],fpl_denserr1,Planet Density Upper Unc. [g/cm**3],mpl_denserr1,Planet Density Upper Unc. [g/cm**3]
 pl_denserr2,Planet Density Lower Unc. [g/cm**3], pl_denserr2,Planet Density Lower Unc. [g/cm**3],pl_denserr2,Planet Density Lower Unc. [g/cm**3],fpl_denserr2,Planet Density Lower Unc. [g/cm**3],mpl_denserr2,Planet Density Lower Unc. [g/cm**3]
 pl_denslim,Planet Density Limit Flag, pl_denslim,Planet Density Limit Flag,pl_denslim,Planet Density Limit Flag,fpl_denslim,Planet Density Limit Flag,mpl_denslim,Planet Density Limit Flag
N/A,PLANETARY SYSTEMS COMPOSITE PARAMETERS ONLY, pl_dens_reflink,Planet Density Reference,N/A,PLANETARY SYSTEMS COMPOSITE PARAMETERS ONLY,fpl_densreflink,Planet Density Reference,N/A,PLANETARY SYSTEMS COMPOSITE PARAMETERS ONLY
 pl_orbeccen,Eccentricity, pl_orbeccen,Eccentricity,pl_orbeccen,Eccentricity,fpl_eccen,Eccentricity,mpl_orbeccen,Eccentricity
 pl_orbeccenerr1,Eccentricity Upper Unc., pl_orbeccenerr1,Eccentricity Upper Unc.,pl_orbeccenerr1,Eccentricity Upper Unc.,fpl_eccenerr1,Eccentricity Upper Unc.,mpl_orbeccenerr1,Eccentricity Upper Unc.
 pl_orbeccenerr2,Eccentricity Lower Unc., pl_orbeccenerr2,Eccentricity Lower Unc.,pl_orbeccenerr2,Eccentricity Lower Unc.,fpl_eccenerr2,Eccentricity Lower Unc.,mpl_orbeccenerr2,Eccentricity Lower Unc.
 pl_orbeccenlim,Eccentricity Limit Flag, pl_orbeccenlim,Eccentricity Limit Flag,pl_orbeccenlim,Eccentricity Limit Flag,fpl_eccenlim,Eccentricity Limit Flag,mpl_orbeccenlim,Eccentricity Limit Flag
N/A,PLANETARY SYSTEMS COMPOSITE PARAMETERS ONLY, pl_orbeccen_reflink,Eccentricity Reference,N/A,PLANETARY SYSTEMS COMPOSITE PARAMETERS ONLY,fpl_eccenreflink,Eccentricity Reference,N/A,PLANETARY SYSTEMS COMPOSITE PARAMETERS ONLY
 pl_insol,Insolation Flux [Earth Flux], pl_insol,Insolation Flux [Earth Flux],pl_insol,Insolation Flux [Earth Flux],fpl_insol,Insolation Flux [Earth Flux],mpl_insol,Insolation Flux [Earth Flux]
 pl_insolerr1,Insolation Flux Upper Unc. [Earth Flux], pl_insolerr1,Insolation Flux Upper Unc. [Earth Flux],pl_insolerr1,Insolation Flux Upper Unc. [Earth Flux],fpl_insolerr1,Insolation Flux Upper Unc. [Earth Flux],mpl_insolerr1,Insolation Flux Upper Unc. [Earth Flux]
 pl_insolerr2,Insolation Flux Lower Unc. [Earth Flux], pl_insolerr2,Insolation Flux Lower Unc. [Earth Flux],pl_insolerr2,Insolation Flux Lower Unc. [Earth Flux],fpl_insolerr2,Insolation Flux Lower Unc. [Earth Flux],mpl_insolerr2,Insolation Flux Lower Unc. [Earth Flux]
 pl_insollim,Insolation Flux Limit Flag, pl_insollim,Insolation Flux Limit Flag,pl_insollim,Insolation Flux Limit Flag,fpl_insollim,Insolation Flux Limit Flag,mpl_insollim,Insolation Flux Limit Flag
N/A,PLANETARY SYSTEMS COMPOSITE PARAMETERS ONLY, pl_insol_reflink,Insolation Flux Reference,N/A,PLANETARY SYSTEMS COMPOSITE PARAMETERS ONLY,fpl_insolreflink,Insolation Flux Reference,N/A,PLANETARY SYSTEMS COMPOSITE PARAMETERS ONLY
 pl_eqt,Equilibrium Temperature [K], pl_eqt,Equilibrium Temperature [K],pl_eqt,Equilibrium Temperature [K],fpl_eqt,Equilibrium Temperature [K],mpl_eqt,Equilibrium Temperature [K]
 pl_eqterr1,Equilibrium Temperature Upper Unc. [K], pl_eqterr1,Equilibrium Temperature Upper Unc. [K],pl_eqterr1,Equilibrium Temperature Upper Unc. [K],fpl_eqterr1,Equilibrium Temperature Upper Unc. [K],mpl_eqterr1,Equilibrium Temperature Upper Unc. [K]
 pl_eqterr2,Equilibrium Temperature Lower Unc. [K], pl_eqterr2,Equilibrium Temperature Lower Unc. [K],pl_eqterr2,Equilibrium Temperature Lower Unc. [K],fpl_eqterr2,Equilibrium Temperature Lower Unc. [K],mpl_eqterr2,Equilibrium Temperature Lower Unc. [K]
 pl_eqtlim,Equilibrium Temperature Limit Flag, pl_eqtlim,Equilibrium Temperature Limit Flag,pl_eqtlim,Equilibrium Temperature Limit Flag,fpl_eqtlim,Equilibrium Temperature Limit Flag,mpl_eqtlim,Equilibrium Temperature Limit Flag
N/A,PLANETARY SYSTEMS COMPOSITE PARAMETERS ONLY, pl_eqt_reflink,Equilibrium Temperature Reference,N/A,PLANETARY SYSTEMS COMPOSITE PARAMETERS ONLY,fpl_eqtreflink,Equilibrium Temperature Reference,N/A,PLANETARY SYSTEMS COMPOSITE PARAMETERS ONLY
 pl_orbincl,Inclination [deg], pl_orbincl,Inclination [deg],pl_orbincl,Inclination [deg],N/A,BOTH PLANETARY SYSTEMS AND PS_COMPOSITE TABLES,mpl_orbincl,Inclination [deg]
 pl_orbinclerr1,Inclination Upper Unc. [deg], pl_orbinclerr1,Inclination Upper Unc. [deg],pl_orbinclerr1,Inclination Upper Unc. [deg],N/A,BOTH PLANETARY SYSTEMS AND PS_COMPOSITE TABLES,mpl_orbinclerr1,Inclination Upper Unc. [deg]
 pl_orbinclerr2,Inclination Lower Unc. [deg], pl_orbinclerr2,Inclination Lower Unc. [deg],pl_orbinclerr2,Inclination Lower Unc. [deg],N/A,BOTH PLANETARY SYSTEMS AND PS_COMPOSITE TABLES,mpl_orbinclerr2,Inclination Lower Unc. [deg]
 pl_orbincllim,Inclination Limit Flag, pl_orbincllim,Inclination Limit Flag,pl_orbincllim,Inclination Limit Flag,N/A,BOTH PLANETARY SYSTEMS AND PS_COMPOSITE TABLES,mpl_orbincllim,Inclination Limit Flag
N/A,PLANETARY SYSTEMS COMPOSITE PARAMETERS ONLY, pl_orbincl_reflink,Inclination Reference,N/A,PLANETARY SYSTEMS COMPOSITE PARAMETERS ONLY,N/A,PLANETARY SYSTEMS COMPOSITE PARAMETERS ONLY,N/A,PLANETARY SYSTEMS COMPOSITE PARAMETERS ONLY
 pl_tranmid,Transit Midpoint [days], pl_tranmid,Transit Midpoint [days],pl_tranmid,Transit Midpoint [days],N/A,BOTH PLANETARY SYSTEMS AND PS_COMPOSITE TABLES,mpl_tranmid,Transit Midpoint [days]
 pl_tranmiderr1,Transit Midpoint Upper Unc. [days], pl_tranmiderr1,Transit Midpoint Upper Unc. [days],pl_tranmiderr1,Transit Midpoint Upper Unc. [days],N/A,BOTH PLANETARY SYSTEMS AND PS_COMPOSITE TABLES,mpl_tranmiderr1,Transit Midpoint Upper Unc. [days]
 pl_tranmiderr2,Transit Midpoint Lower Unc. [days], pl_tranmiderr2,Transit Midpoint Lower Unc. [days],pl_tranmiderr2,Transit Midpoint Lower Unc. [days],N/A,BOTH PLANETARY SYSTEMS AND PS_COMPOSITE TABLES,mpl_tranmiderr2,Transit Midpoint Lower Unc. [days]
 pl_tranmidlim,Transit Midpoint Limit Flag, pl_tranmidlim,Transit Midpoint Limit Flag,pl_tranmidlim,Transit Midpoint Limit Flag,N/A,BOTH PLANETARY SYSTEMS AND PS_COMPOSITE TABLES,mpl_tranmidlim,Transit Midpoint Limit Flag
 pl_tsystemref,Time Reference Frame and Standard, pl_tranmid_systemref,Transit Midpoint Time Reference Frame and Standard,pl_tsystemref,Transit Midpoint Time Reference Frame and Standard,N/A,BOTH PLANETARY SYSTEMS AND PS_COMPOSITE TABLES,mpl_tsystemref,Transit Midpoint Time Reference Frame and Standard
N/A,PLANETARY SYSTEMS COMPOSITE PARAMETERS ONLY, pl_tranmid_reflink,Time of Conjunction (Transit Midpoint) Reference,N/A,PLANETARY SYSTEMS COMPOSITE PARAMETERS ONLY,N/A,PLANETARY SYSTEMS COMPOSITE PARAMETERS ONLY,N/A,PLANETARY SYSTEMS COMPOSITE PARAMETERS ONLY
 ttv_flag,Data show Transit Timing Variations, ttv_flag,Data show Transit Timing Variations,pl_ttvflag,Data show Transit Timing Variations,N/A,BOTH PLANETARY SYSTEMS AND PS_COMPOSITE TABLES,mpl_ttvflag,Data show Transit Timing Variations
 pl_imppar,Impact Parameter, pl_imppar,Impact Parameter,pl_imppar,Impact Parameter,N/A,BOTH PLANETARY SYSTEMS AND PS_COMPOSITE TABLES,mpl_imppar,Impact Parameter
 pl_impparerr1,Impact Parameter Upper Unc., pl_impparerr1,Impact Parameter Upper Unc.,pl_impparerr1,Impact Parameter Upper Unc.,N/A,BOTH PLANETARY SYSTEMS AND PS_COMPOSITE TABLES,mpl_impparerr1,Impact Parameter Upper Unc.
 pl_impparerr2,Impact Parameter Lower Unc., pl_impparerr2,Impact Parameter Lower Unc.,pl_impparerr2,Impact Parameter Lower Unc.,N/A,BOTH PLANETARY SYSTEMS AND PS_COMPOSITE TABLES,mpl_impparerr2,Impact Parameter Lower Unc.
 pl_impparlim,Impact Parameter Limit Flag, pl_impparlim,Impact Parameter Limit Flag,pl_impparlim,Impact Parameter Limit Flag,N/A,BOTH PLANETARY SYSTEMS AND PS_COMPOSITE TABLES,mpl_impparlim,Impact Parameter Limit Flag
N/A,PLANETARY SYSTEMS COMPOSITE PARAMETERS ONLY, pl_imppar_reflink,Impact Parameter Reference,N/A,PLANETARY SYSTEMS COMPOSITE PARAMETERS ONLY,N/A,PLANETARY SYSTEMS COMPOSITE PARAMETERS ONLY,N/A,PLANETARY SYSTEMS COMPOSITE PARAMETERS ONLY
 pl_trandep,Transit Depth [%], pl_trandep,Transit Depth [%],pl_trandep,Transit Depth [%],N/A,BOTH PLANETARY SYSTEMS AND PS_COMPOSITE TABLES,mpl_trandep,Transit Depth [%]
 pl_trandeperr1,Transit Depth Upper Unc. [%], pl_trandeperr1,Transit Depth Upper Unc. [%],pl_trandeperr1,Transit Depth Upper Unc. [%],N/A,BOTH PLANETARY SYSTEMS AND PS_COMPOSITE TABLES,mpl_trandeperr1,Transit Depth Upper Unc. [%]
 pl_trandeperr2,Transit Depth Lower Unc. [%], pl_trandeperr2,Transit Depth Lower Unc. [%],pl_trandeperr2,Transit Depth Lower Unc. [%],N/A,BOTH PLANETARY SYSTEMS AND PS_COMPOSITE TABLES,mpl_trandeperr2,Transit Depth Lower Unc. [%]
 pl_trandeplim,Transit Depth Limit Flag, pl_trandeplim,Transit Depth Limit Flag,pl_trandeplim,Transit Depth Limit Flag,N/A,BOTH PLANETARY SYSTEMS AND PS_COMPOSITE TABLES,mpl_trandeplim,Transit Depth Limit Flag
N/A,PLANETARY SYSTEMS COMPOSITE PARAMETERS ONLY, pl_trandep_reflink, Transit Depth [%] Reference,N/A,PLANETARY SYSTEMS COMPOSITE PARAMETERS ONLY,N/A,PLANETARY SYSTEMS COMPOSITE PARAMETERS ONLY,N/A,PLANETARY SYSTEMS COMPOSITE PARAMETERS ONLY
 pl_trandur,Transit Duration [hours], pl_trandur,Transit Duration [hours],pl_trandur,Transit Duration [days],N/A,BOTH PLANETARY SYSTEMS AND PS_COMPOSITE TABLES,mpl_trandur,Transit Duration [hours]
 pl_trandurerr1,Transit Duration Upper Unc. [hours], pl_trandurerr1,Transit Duration Upper Unc. [hours],pl_trandurerr1,Transit Duration Upper Unc. [days],N/A,BOTH PLANETARY SYSTEMS AND PS_COMPOSITE TABLES,mpl_trandurerr1,Transit Duration Upper Unc. [hours]
 pl_trandurerr2,Transit Duration Lower Unc. [hours], pl_trandurerr2,Transit Duration Lower Unc. [hours],pl_trandurerr2,Transit Duration Lower Unc. [days],N/A,BOTH PLANETARY SYSTEMS AND PS_COMPOSITE TABLES,mpl_trandurerr2,Transit Duration Lower Unc. [hours]
 pl_trandurlim,Transit Duration Limit Flag, pl_trandurlim,Transit Duration Limit Flag,pl_trandurlim,Transit Duration Limit Flag,N/A,BOTH PLANETARY SYSTEMS AND PS_COMPOSITE TABLES,mpl_trandurlim,Transit Duration Limit Flag
N/A,PLANETARY SYSTEMS COMPOSITE PARAMETERS ONLY, pl_trandur_reflink,Transit Duration Reference,N/A,PLANETARY SYSTEMS COMPOSITE PARAMETERS ONLY,N/A,PLANETARY SYSTEMS COMPOSITE PARAMETERS ONLY,N/A,PLANETARY SYSTEMS COMPOSITE PARAMETERS ONLY
 pl_ratdor,Ratio of Semi-Major Axis to Stellar Radius, pl_ratdor,Ratio of Semi-Major Axis to Stellar Radius,pl_ratdor,Ratio of Semi-Major Axis to Stellar Radius,N/A,BOTH PLANETARY SYSTEMS AND PS_COMPOSITE TABLES,mpl_ratdor,Ratio of Semi-Major Axis to Stellar Radius
 pl_ratdorerr1,Ratio of Semi-Major Axis to Stellar Radius Upper Unc., pl_ratdorerr1,Ratio of Semi-Major Axis to Stellar Radius Upper Unc.,pl_ratdorerr1,Ratio of Semi-Major Axis to Stellar Radius Upper Unc.,N/A,BOTH PLANETARY SYSTEMS AND PS_COMPOSITE TABLES,mpl_ratdorerr1,Ratio of Semi-Major Axis to Stellar Radius Upper Unc.
 pl_ratdorerr2,Ratio of Semi-Major Axis to Stellar Radius Lower Unc., pl_ratdorerr2,Ratio of Semi-Major Axis to Stellar Radius Lower Unc.,pl_ratdorerr2,Ratio of Semi-Major Axis to Stellar Radius Lower Unc.,N/A,BOTH PLANETARY SYSTEMS AND PS_COMPOSITE TABLES,mpl_ratdorerr2,Ratio of Semi-Major Axis to Stellar Radius Lower Unc.
 pl_ratdorlim,Ratio of Semi-Major Axis to Stellar Radius Limit Flag, pl_ratdorlim,Ratio of Semi-Major Axis to Stellar Radius Limit Flag,pl_ratdorlim,Ratio of Semi-Major Axis to Stellar Radius Limit Flag,N/A,BOTH PLANETARY SYSTEMS AND PS_COMPOSITE TABLES,mpl_ratdorlim,Ratio of Semi-Major Axis to Stellar Radius Limit Flag
N/A,PLANETARY SYSTEMS COMPOSITE PARAMETERS ONLY, pl_ratdor_reflink,Ratio of Semi-Major Axis to Stellar Radius Reference,N/A,PLANETARY SYSTEMS COMPOSITE PARAMETERS ONLY,N/A,PLANETARY SYSTEMS COMPOSITE PARAMETERS ONLY,N/A,PLANETARY SYSTEMS COMPOSITE PARAMETERS ONLY
 pl_ratror,Ratio of Planet to Stellar Radius, pl_ratror,Ratio of Planet to Stellar Radius,pl_ratror,Ratio of Planet to Stellar Radius,N/A,BOTH PLANETARY SYSTEMS AND PS_COMPOSITE TABLES,mpl_ratror,Ratio of Planet to Stellar Radius
 pl_ratrorerr1,Ratio of Planet to Stellar Radius Upper Unc., pl_ratrorerr1,Ratio of Planet to Stellar Radius Upper Unc.,pl_ratrorerr1,Ratio of Planet to Stellar Radius Upper Unc.,N/A,BOTH PLANETARY SYSTEMS AND PS_COMPOSITE TABLES,mpl_ratrorerr1,Ratio of Planet to Stellar Radius Upper Unc.
 pl_ratrorerr2,Ratio of Planet to Stellar Radius Lower Unc., pl_ratrorerr2,Ratio of Planet to Stellar Radius Lower Unc.,pl_ratrorerr2,Ratio of Planet to Stellar Radius Lower Unc.,N/A,BOTH PLANETARY SYSTEMS AND PS_COMPOSITE TABLES,mpl_ratrorerr2,Ratio of Planet to Stellar Radius Lower Unc.
 pl_ratrorlim,Ratio of Planet to Stellar Radius Limit Flag, pl_ratrorlim,Ratio of Planet to Stellar Radius Limit Flag,pl_ratrorlim,Ratio of Planet to Stellar Radius Limit Flag,N/A,BOTH PLANETARY SYSTEMS AND PS_COMPOSITE TABLES,mpl_ratrorlim,Ratio of Planet to Stellar Radius Limit Flag
N/A,PLANETARY SYSTEMS COMPOSITE PARAMETERS ONLY, pl_ratror_reflink,Ratio of Planet to Stellar Radius Reference,N/A,PLANETARY SYSTEMS COMPOSITE PARAMETERS ONLY,N/A,PLANETARY SYSTEMS COMPOSITE PARAMETERS ONLY,N/A,PLANETARY SYSTEMS COMPOSITE PARAMETERS ONLY
 pl_occdep,Occultation Depth [%], pl_occdep,Occultation Depth [%],pl_occdep,Occultation Depth [%],N/A,BOTH PLANETARY SYSTEMS AND PS_COMPOSITE TABLES,mpl_occdep,Occultation Depth [%]
 pl_occdeperr1,Occultation Depth Upper Unc. [%], pl_occdeperr1,Occultation Depth Upper Unc. [%],pl_occdeperr1,Occultation Depth Upper Unc. [%],N/A,BOTH PLANETARY SYSTEMS AND PS_COMPOSITE TABLES,mpl_occdeperr1,Occultation Depth Upper Unc. [%]
 pl_occdeperr2,Occultation Depth Lower Unc. [%], pl_occdeperr2,Occultation Depth Lower Unc. [%],pl_occdeperr2,Occultation Depth Lower Unc. [%],N/A,BOTH PLANETARY SYSTEMS AND PS_COMPOSITE TABLES,mpl_occdeperr2,Occultation Depth Lower Unc. [%]
 pl_occdeplim,Occultation Depth Limit Flag, pl_occdeplim,Occultation Depth Limit Flag,pl_occdeplim,Occultation Depth Limit Flag,N/A,BOTH PLANETARY SYSTEMS AND PS_COMPOSITE TABLES,mpl_occdeplim,Occultation Depth Limit Flag
N/A,PLANETARY SYSTEMS COMPOSITE PARAMETERS ONLY, pl_occdep_reflink,Occultation Depth Reference,N/A,PLANETARY SYSTEMS COMPOSITE PARAMETERS ONLY,N/A,PLANETARY SYSTEMS COMPOSITE PARAMETERS ONLY,N/A,PLANETARY SYSTEMS COMPOSITE PARAMETERS ONLY
 pl_orbtper,Epoch of Periastron [days], pl_orbtper,Epoch of Periastron [days],pl_orbtper,Epoch of Periastron [days],N/A,BOTH PLANETARY SYSTEMS AND PS_COMPOSITE TABLES,mpl_orbtper,Epoch of Periastron [days]
 pl_orbtpererr1,Epoch of Periastron Upper Unc. [days], pl_orbtpererr1,Epoch of Periastron Upper Unc. [days],pl_orbtpererr1,Epoch of Periastron Upper Unc. [days],N/A,BOTH PLANETARY SYSTEMS AND PS_COMPOSITE TABLES,mpl_orbtpererr1,Epoch of Periastron Upper Unc. [days]
 pl_orbtpererr2,Epoch of Periastron Lower Unc. [days], pl_orbtpererr2,Epoch of Periastron Lower Unc. [days],pl_orbtpererr2,Epoch of Periastron Lower Unc. [days],N/A,BOTH PLANETARY SYSTEMS AND PS_COMPOSITE TABLES,mpl_orbtpererr2,Epoch of Periastron Lower Unc. [days]
 pl_orbtperlim,Epoch of Periastron Limit Flag, pl_orbtperlim,Epoch of Periastron Limit Flag,pl_orbtperlim,Epoch of Periastron Limit Flag,N/A,BOTH PLANETARY SYSTEMS AND PS_COMPOSITE TABLES,mpl_orbtperlim,Epoch of Periastron Limit Flag
 pl_orbtper_systemref,Epoch of Periastron Time System Frame and Standard, pl_orbtper_systemref,Epoch of Periastron Time System Frame and Standard,N/A,BOTH PLANETARY SYSTEMS AND PS_COMPOSITE TABLES,N/A,BOTH PLANETARY SYSTEMS AND PS_COMPOSITE TABLES,N/A,BOTH PLANETARY SYSTEMS AND PS_COMPOSITE TABLES
N/A,PLANETARY SYSTEMS COMPOSITE PARAMETERS ONLY, pl_orbtper_reflink,Epoch of Periastron Reference,N/A,PLANETARY SYSTEMS COMPOSITE PARAMETERS ONLY,N/A,PLANETARY SYSTEMS COMPOSITE PARAMETERS ONLY,N/A,PLANETARY SYSTEMS COMPOSITE PARAMETERS ONLY
 pl_orblper,Argument of Periastron [deg], pl_orblper,Argument of Periastron [deg],pl_orblper,Argument of Periastron [deg],N/A,BOTH PLANETARY SYSTEMS AND PS_COMPOSITE TABLES,mpl_orblper,Argument of Periastron [deg]
 pl_orblpererr1,Argument of Periastron Upper Unc. [deg], pl_orblpererr1,Argument of Periastron Upper Unc. [deg],pl_orblpererr1,Argument of Periastron Upper Unc. [deg],N/A,BOTH PLANETARY SYSTEMS AND PS_COMPOSITE TABLES,mpl_orblpererr1,Argument of Periastron Upper Unc. [deg]
 pl_orblpererr2,Argument of Periastron Lower Unc. [deg], pl_orblpererr2,Argument of Periastron Lower Unc. [deg],pl_orblpererr2,Argument of Periastron Lower Unc. [deg],N/A,BOTH PLANETARY SYSTEMS AND PS_COMPOSITE TABLES,mpl_orblpererr2,Argument of Periastron Lower Unc. [deg]
 pl_orblperlim,Argument of Periastron Limit Flag, pl_orblperlim,Argument of Periastron Limit Flag,pl_orblperlim,Argument of Periastron Limit Flag,N/A,BOTH PLANETARY SYSTEMS AND PS_COMPOSITE TABLES,mpl_orblperlim,Argument of Periastron Limit Flag
N/A,PLANETARY SYSTEMS COMPOSITE PARAMETERS ONLY, pl_orblper_reflink,Argument of Periastron Reference,N/A,PLANETARY SYSTEMS COMPOSITE PARAMETERS ONLY,N/A,PLANETARY SYSTEMS COMPOSITE PARAMETERS ONLY,N/A,PLANETARY SYSTEMS COMPOSITE PARAMETERS ONLY
 pl_rvamp,Radial Velocity Amplitude [m/s], pl_rvamp,Radial Velocity Amplitude [m/s],pl_rvamp,Radial Velocity Amplitude [m/s],N/A,BOTH PLANETARY SYSTEMS AND PS_COMPOSITE TABLES,mpl_rvamp,Radial Velocity Amplitude [m/s]
 pl_rvamperr1,Radial Velocity Amplitude Upper Unc. [m/s], pl_rvamperr1,Radial Velocity Amplitude Upper Unc. [m/s],pl_rvamperr1,Radial Velocity Amplitude Upper Unc. [m/s],N/A,BOTH PLANETARY SYSTEMS AND PS_COMPOSITE TABLES,mpl_rvamperr1,Radial Velocity Amplitude Upper Unc. [m/s]
 pl_rvamperr2,Radial Velocity Amplitude Lower Unc. [m/s], pl_rvamperr2,Radial Velocity Amplitude Lower Unc. [m/s],pl_rvamperr2,Radial Velocity Amplitude Lower Unc. [m/s],N/A,BOTH PLANETARY SYSTEMS AND PS_COMPOSITE TABLES,mpl_rvamperr2,Radial Velocity Amplitude Lower Unc. [m/s]
 pl_rvamplim,Radial Velocity Amplitude Limit Flag, pl_rvamplim,Radial Velocity Amplitude Limit Flag,pl_rvamplim,Radial Velocity Amplitude Limit Flag,N/A,BOTH PLANETARY SYSTEMS AND PS_COMPOSITE TABLES,mpl_rvamplim,Radial Velocity Amplitude Limit Flag
N/A,PLANETARY SYSTEMS COMPOSITE PARAMETERS ONLY, pl_rvamp_reflink,Radial Velocity Amplitude Reference,N/A,PLANETARY SYSTEMS COMPOSITE PARAMETERS ONLY,N/A,PLANETARY SYSTEMS COMPOSITE PARAMETERS ONLY,N/A,PLANETARY SYSTEMS COMPOSITE PARAMETERS ONLY
 pl_projobliq,Projected Obliquity [deg], pl_projobliq,Projected Obliquity [deg],N/A,BOTH PLANETARY SYSTEMS AND PS_COMPOSITE TABLES,N/A,BOTH PLANETARY SYSTEMS AND PS_COMPOSITE TABLES,N/A,BOTH PLANETARY SYSTEMS AND PS_COMPOSITE TABLES
 pl_projobliqerr1,Projected Obliquity Upper Unc. [deg], pl_projobliqerr1,Projected Obliquity Upper Unc. [deg],N/A,BOTH PLANETARY SYSTEMS AND PS_COMPOSITE TABLES,N/A,BOTH PLANETARY SYSTEMS AND PS_COMPOSITE TABLES,N/A,BOTH PLANETARY SYSTEMS AND PS_COMPOSITE TABLES
 pl_projobliqerr2,Projected Obliquity Lower Unc. [deg], pl_projobliqerr2,Projected Obliquity Lower Unc. [deg],N/A,BOTH PLANETARY SYSTEMS AND PS_COMPOSITE TABLES,N/A,BOTH PLANETARY SYSTEMS AND PS_COMPOSITE TABLES,N/A,BOTH PLANETARY SYSTEMS AND PS_COMPOSITE TABLES
 pl_projobliqlim,Projected Obliquity Limit Flag, pl_projobliqlim,Projected Obliquity Limit Flag,N/A,BOTH PLANETARY SYSTEMS AND PS_COMPOSITE TABLES,N/A,BOTH PLANETARY SYSTEMS AND PS_COMPOSITE TABLES,N/A,BOTH PLANETARY SYSTEMS AND PS_COMPOSITE TABLES
N/A,PLANETARY SYSTEMS COMPOSITE PARAMETERS ONLY, pl_projobliq_reflink,Projected Obliquity Reference,N/A,PLANETARY SYSTEMS COMPOSITE PARAMETERS ONLY,N/A,PLANETARY SYSTEMS COMPOSITE PARAMETERS ONLY,N/A,PLANETARY SYSTEMS COMPOSITE PARAMETERS ONLY
 pl_trueobliq,True Obliquity [deg], pl_trueobliq,True Obliquity [deg],N/A,BOTH PLANETARY SYSTEMS AND PS_COMPOSITE TABLES,N/A,BOTH PLANETARY SYSTEMS AND PS_COMPOSITE TABLES,N/A,BOTH PLANETARY SYSTEMS AND PS_COMPOSITE TABLES
 pl_trueobliqerr1,True Obliquity Upper Unc. [deg], pl_trueobliqerr1,True Obliquity Upper Unc. [deg],N/A,BOTH PLANETARY SYSTEMS AND PS_COMPOSITE TABLES,N/A,BOTH PLANETARY SYSTEMS AND PS_COMPOSITE TABLES,N/A,BOTH PLANETARY SYSTEMS AND PS_COMPOSITE TABLES
 pl_trueobliqerr2,True Obliquity Lower Unc. [deg], pl_trueobliqerr2,True Obliquity Lower Unc. [deg],N/A,BOTH PLANETARY SYSTEMS AND PS_COMPOSITE TABLES,N/A,BOTH PLANETARY SYSTEMS AND PS_COMPOSITE TABLES,N/A,BOTH PLANETARY SYSTEMS AND PS_COMPOSITE TABLES
 pl_trueobliqlim,True Obliquity Limit Flag, pl_trueobliqlim,True Obliquity Limit Flag,N/A,BOTH PLANETARY SYSTEMS AND PS_COMPOSITE TABLES,N/A,BOTH PLANETARY SYSTEMS AND PS_COMPOSITE TABLES,N/A,BOTH PLANETARY SYSTEMS AND PS_COMPOSITE TABLES
N/A,PLANETARY SYSTEMS COMPOSITE PARAMETERS ONLY, pl_trueobliq_reflink,True Obliquity Reference,N/A,PLANETARY SYSTEMS COMPOSITE PARAMETERS ONLY,N/A,PLANETARY SYSTEMS COMPOSITE PARAMETERS ONLY,N/A,PLANETARY SYSTEMS COMPOSITE PARAMETERS ONLY
 st_refname,Stellar Parameter Reference,N/A,PLANETARY SYSTEMS ONLY,N/A,PLANETARY SYSTEMS ONLY,N/A,PLANETARY SYSTEMS ONLY,N/A,PLANETARY SYSTEMS ONLY
 st_spectype,Spectral Type, st_spectype,Spectral Type,st_spstr,Spectral Type,fst_spt,Spectral Type,N/A,BOTH PLANETARY SYSTEMS AND PS_COMPOSITE TABLES
N/A,PLANETARY SYSTEMS COMPOSITE PARAMETERS ONLY, st_spectype_reflink,Spectral Type Reference,N/A,PLANETARY SYSTEMS COMPOSITE PARAMETERS ONLY,fst_sptreflink,Spectral Type Reference,N/A,PLANETARY SYSTEMS COMPOSITE PARAMETERS ONLY
 st_teff,Stellar Effective Temperature [K], st_teff,Stellar Effective Temperature [K],st_teff,Stellar Effective Temperature [K],fst_teff,Stellar Effective Temperature [K],mst_teff,Stellar Effective Temperature [K]
 st_tefferr1,Stellar Effective Temperature Upper Unc. [K], st_tefferr1,Stellar Effective Temperature Upper Unc. [K],st_tefferr1,Stellar Effective Temperature Upper Unc. [K],fst_tefferr1,Stellar Effective Temperature Upper Unc. [K],mst_tefferr1,Stellar Effective Temperature Upper Unc. [K]
 st_tefferr2,Stellar Effective Temperature Lower Unc. [K], st_tefferr2,Stellar Effective Temperature Lower Unc. [K],st_tefferr2,Stellar Effective Temperature Lower Unc. [K],fst_tefferr2,Stellar Effective Temperature Lower Unc. [K],mst_tefferr2,Stellar Effective Temperature Lower Unc. [K]
 st_tefflim,Stellar Effective Temperature Limit Flag, st_tefflim,Stellar Effective Temperature Limit Flag,st_tefflim,Stellar Effective Temperature Limit Flag,fst_tefflim,Stellar Effective Temperature Limit Flag,mst_tefflim,Stellar Effective Temperature Limit Flag
N/A,PLANETARY SYSTEMS COMPOSITE PARAMETERS ONLY, st_teff_reflink,Stellar Effective Temperature Reference,N/A,PLANETARY SYSTEMS COMPOSITE PARAMETERS ONLY,fst_teffreflink,Stellar Effective Temperature Reference,N/A,PLANETARY SYSTEMS COMPOSITE PARAMETERS ONLY
 st_rad,Stellar Radius [Solar Radius], st_rad,Stellar Radius [Solar Radius],st_rad,Stellar Radius [Solar Radius],fst_rad,Stellar Radius [Solar Radius],mst_rad,Stellar Radius [Solar Radius]
 st_raderr1,Stellar Radius Upper Unc. [Solar Radius], st_raderr1,Stellar Radius Upper Unc. [Solar Radius],st_raderr1,Stellar Radius Upper Unc. [Solar Radius],fst_raderr1,Stellar Radius Upper Unc. [Solar Radius],mst_raderr1,Stellar Radius Upper Unc. [Solar Radius]
 st_raderr2,Stellar Radius Lower Unc. [Solar Radius], st_raderr2,Stellar Radius Lower Unc. [Solar Radius],st_raderr2,Stellar Radius Lower Unc. [Solar Radius],fst_raderr2,Stellar Radius Lower Unc. [Solar Radius],mst_raderr2,Stellar Radius Lower Unc. [Solar Radius]
 st_radlim,Stellar Radius Limit Flag, st_radlim,Stellar Radius Limit Flag,st_radlim,Stellar Radius Limit Flag,fst_radlim,Stellar Radius Limit Flag,mst_radlim,Stellar Radius Limit Flag
N/A,PLANETARY SYSTEMS COMPOSITE PARAMETERS ONLY, st_rad_reflink,Stellar Radius Reference,N/A,PLANETARY SYSTEMS COMPOSITE PARAMETERS ONLY,fst_radreflink,Stellar Radius Reference,N/A,PLANETARY SYSTEMS COMPOSITE PARAMETERS ONLY
 st_mass,Stellar Mass [Solar mass], st_mass,Stellar Mass [Solar mass],st_mass,Stellar Mass [Solar mass],fst_mass,Stellar Mass [Solar mass],mst_mass,Stellar Mass [Solar mass]
 st_masserr1,Stellar Mass Upper Unc. [Solar mass], st_masserr1,Stellar Mass Upper Unc. [Solar mass],st_masserr1,Stellar Mass Upper Unc. [Solar mass],fst_masserr1,Stellar Mass Upper Unc. [Solar mass],mst_masserr1,Stellar Mass Upper Unc. [Solar mass]
 st_masserr2,Stellar Mass Lower Unc. [Solar mass], st_masserr2,Stellar Mass Lower Unc. [Solar mass],st_masserr2,Stellar Mass Lower Unc. [Solar mass],fst_masserr2,Stellar Mass Lower Unc. [Solar mass],mst_masserr2,Stellar Mass Lower Unc. [Solar mass]
 st_masslim,Stellar Mass Limit Flag, st_masslim,Stellar Mass Limit Flag,st_masslim,Stellar Mass Limit Flag,fst_masslim,Stellar Mass Limit Flag,mst_masslim,Stellar Mass Limit Flag
N/A,PLANETARY SYSTEMS COMPOSITE PARAMETERS ONLY, st_mass_reflink,Stellar Mass [Solar mass] Reference,N/A,PLANETARY SYSTEMS COMPOSITE PARAMETERS ONLY,fst_massreflink,Stellar Mass [Solar mass] Reference,N/A,PLANETARY SYSTEMS COMPOSITE PARAMETERS ONLY
 st_met,Stellar Metallicity [dex], st_met,Stellar Metallicity [dex],st_metfe,Stellar Metallicity [dex],fst_met,Stellar Metallicity [dex],mst_metfe,Stellar Metallicity [dex]
 st_meterr1,Stellar Metallicity Upper Unc. [dex], st_meterr1,Stellar Metallicity Upper Unc. [dex],st_metfeerr1,Stellar Metallicity Upper Unc. [dex],fst_meterr1,Stellar Metallicity Upper Unc. [dex],mst_metfeerr1,Stellar Metallicity Upper Unc. [dex]
 st_meterr2,Stellar Metallicity Lower Unc. [dex], st_meterr2,Stellar Metallicity Lower Unc. [dex],st_metfeerr2,Stellar Metallicity Lower Unc. [dex],fst_meterr2,Stellar Metallicity Lower Unc. [dex],mst_metfeerr2,Stellar Metallicity Lower Unc. [dex]
 st_metlim,Stellar Metallicity Limit Flag, st_metlim,Stellar Metallicity Limit Flag,st_metfelim,Stellar Metallicity Limit Flag,fst_metlim,Stellar Metallicity Limit Flag,mst_metfelim,Stellar Metallicity Limit Flag
N/A,PLANETARY SYSTEMS COMPOSITE PARAMETERS ONLY, st_met_reflink,Stellar Metallicity Reference,N/A,PLANETARY SYSTEMS COMPOSITE PARAMETERS ONLY,fst_metreflink,Stellar Metallicity Reference,N/A,PLANETARY SYSTEMS COMPOSITE PARAMETERS ONLY
 st_metratio,Stellar Metallicity Ratio, st_metratio,Stellar Metallicity Ratio,st_metratio,Stellar Metallicity Ratio,fst_metratio,Stellar Metallicity Ratio,mst_metratio,Stellar Metallicity Ratio
 st_lum,Stellar Luminosity [log(Solar)], st_lum,Stellar Luminosity [log(Solar)],st_lum,Stellar Luminosity [log(Solar)],fst_lum,Stellar Luminosity [log(Solar)],mst_lum,Stellar Luminosity [log(Solar)]
 st_lumerr1,Stellar Luminosity Upper Unc. [log(Solar)], st_lumerr1,Stellar Luminosity Upper Unc. [log(Solar)],st_lumerr1,Stellar Luminosity Upper Unc. [log(Solar)],fst_lumerr1,Stellar Luminosity Upper Unc. [log(Solar)],mst_lumerr1,Stellar Luminosity Upper Unc. [log(Solar)]
 st_lumerr2,Stellar Luminosity Lower Unc. [log(Solar)], st_lumerr2,Stellar Luminosity Lower Unc. [log(Solar)],st_lumerr2,Stellar Luminosity Lower Unc. [log(Solar)],fst_lumerr2,Stellar Luminosity Lower Unc. [log(Solar)],mst_lumerr2,Stellar Luminosity Lower Unc. [log(Solar)]
 st_lumlim,Stellar Luminosity Limit Flag, st_lumlim,Stellar Luminosity Limit Flag,st_lumlim,Stellar Luminosity Limit Flag,fst_lumlim,Stellar Luminosity Limit Flag,mst_lumlim,Stellar Luminosity Limit Flag
N/A,PLANETARY SYSTEMS COMPOSITE PARAMETERS ONLY, st_lum_reflink,Stellar Luminosity Reference,N/A,PLANETARY SYSTEMS COMPOSITE PARAMETERS ONLY,fst_lumreflink,Stellar Luminosity Reference,N/A,PLANETARY SYSTEMS COMPOSITE PARAMETERS ONLY
 st_logg,Stellar Surface Gravity [log10(cm/s**2)], st_logg,Stellar Surface Gravity [log10(cm/s**2)],st_logg,Stellar Surface Gravity [log10(cm/s**2)],fst_logg,Stellar Surface Gravity [log10(cm/s**2)],mst_logg,Stellar Surface Gravity [log10(cm/s**2)]
 st_loggerr1,Stellar Surface Gravity Upper Unc. [log10(cm/s**2)], st_loggerr1,Stellar Surface Gravity Upper Unc. [log10(cm/s**2)],st_loggerr1,Stellar Surface Gravity Upper Unc. [log10(cm/s**2)],fst_loggerr1,Stellar Surface Gravity Upper Unc. [log10(cm/s**2)],mst_loggerr1,Stellar Surface Gravity Upper Unc. [log10(cm/s**2)]
 st_loggerr2,Stellar Surface Gravity Lower Unc. [log10(cm/s**2)], st_loggerr2,Stellar Surface Gravity Lower Unc. [log10(cm/s**2)],st_loggerr2,Stellar Surface Gravity Lower Unc. [log10(cm/s**2)],fst_loggerr2,Stellar Surface Gravity Lower Unc. [log10(cm/s**2)],mst_loggerr2,Stellar Surface Gravity Lower Unc. [log10(cm/s**2)]
 st_logglim,Stellar Surface Gravity Limit Flag, st_logglim,Stellar Surface Gravity Limit Flag,st_logglim,Stellar Surface Gravity Limit Flag,fst_logglim,Stellar Surface Gravity Limit Flag,mst_logglim,Stellar Surface Gravity Limit Flag
N/A,PLANETARY SYSTEMS COMPOSITE PARAMETERS ONLY, st_logg_reflink,Stellar Surface Gravity Reference,N/A,PLANETARY SYSTEMS COMPOSITE PARAMETERS ONLY,fst_loggreflink,Stellar Surface Gravity Reference,N/A,PLANETARY SYSTEMS COMPOSITE PARAMETERS ONLY
 st_age,Stellar Age [Gyr], st_age,Stellar Age [Gyr],st_age,Stellar Age [Gyr],fst_age,Stellar Age [Gyr],mst_age,Stellar Age [Gyr]
 st_ageerr1,Stellar Age Upper Unc. [Gyr], st_ageerr1,Stellar Age Upper Unc. [Gyr],st_ageerr1,Stellar Age Upper Unc. [Gyr],fst_ageerr1,Stellar Age Upper Unc. [Gyr],mst_ageerr1,Stellar Age Upper Unc. [Gyr]
 st_ageerr2,Stellar Age Lower Unc. [Gyr], st_ageerr2,Stellar Age Lower Unc. [Gyr],st_ageerr2,Stellar Age Lower Unc. [Gyr],fst_ageerr2,Stellar Age Lower Unc. [Gyr],mst_ageerr2,Stellar Age Lower Unc. [Gyr]
 st_agelim,Stellar Age Limit Flag, st_agelim,Stellar Age Limit Flag,st_agelim,Stellar Age Limit Flag,fst_agelim,Stellar Age Limit Flag,mst_agelim,Stellar Age Limit Flag
N/A,PLANETARY SYSTEMS COMPOSITE PARAMETERS ONLY, st_age_reflink,Stellar Age Reference,N/A,PLANETARY SYSTEMS COMPOSITE PARAMETERS ONLY,fst_agereflink,Stellar Age Reference,N/A,PLANETARY SYSTEMS COMPOSITE PARAMETERS ONLY
 st_dens,Stellar Density [g/cm**3], st_dens,Stellar Density [g/cm**3],st_dens,Stellar Density [g/cm**3],N/A,BOTH PLANETARY SYSTEMS AND PS_COMPOSITE TABLES,mst_dens,Stellar Density [g/cm**3]
 st_denserr1,Stellar Density Upper Unc. [g/cm**3], st_denserr1,Stellar Density Upper Unc. [g/cm**3],st_denserr1,Stellar Density Upper Unc. [g/cm**3],N/A,BOTH PLANETARY SYSTEMS AND PS_COMPOSITE TABLES,mst_denserr1,Stellar Density Upper Unc. [g/cm**3]
 st_denserr2,Stellar Density Lower Unc. [g/cm**3], st_denserr2,Stellar Density Lower Unc. [g/cm**3],st_denserr2,Stellar Density Lower Unc. [g/cm**3],N/A,BOTH PLANETARY SYSTEMS AND PS_COMPOSITE TABLES,mst_denserr2,Stellar Density Lower Unc. [g/cm**3]
 st_denslim,Stellar Density Limit Flag, st_denslim,Stellar Density Limit Flag,st_denslim,Stellar Density Limit Flag,N/A,BOTH PLANETARY SYSTEMS AND PS_COMPOSITE TABLES,mst_denslim,Stellar Density Limit Flag
N/A,PLANETARY SYSTEMS COMPOSITE PARAMETERS ONLY, st_dens_reflink,Stellar Density Reference,N/A,PLANETARY SYSTEMS COMPOSITE PARAMETERS ONLY,N/A,PLANETARY SYSTEMS COMPOSITE PARAMETERS ONLY,N/A,PLANETARY SYSTEMS COMPOSITE PARAMETERS ONLY
 st_vsin,Stellar Rotational Velocity [km/s], st_vsin,Stellar Rotational Velocity [km/s],st_vsini,Stellar Rotational Velocity [km/s],N/A,BOTH PLANETARY SYSTEMS AND PS_COMPOSITE TABLES,N/A,BOTH PLANETARY SYSTEMS AND PS_COMPOSITE TABLES
 st_vsinerr1,Stellar Rotational Velocity [km/s] Upper Unc., st_vsinerr1,Stellar Rotational Velocity [km/s] Upper Unc.,st_vsinierr1,Stellar Rotational Velocity [km/s] Upper Unc.,N/A,BOTH PLANETARY SYSTEMS AND PS_COMPOSITE TABLES,N/A,BOTH PLANETARY SYSTEMS AND PS_COMPOSITE TABLES
 st_vsinerr2,Stellar Rotational Velocity [km/s] Lower Unc., st_vsinerr2,Stellar Rotational Velocity [km/s] Lower Unc.,st_vsinierr2,Stellar Rotational Velocity [km/s] Lower Unc.,N/A,BOTH PLANETARY SYSTEMS AND PS_COMPOSITE TABLES,N/A,BOTH PLANETARY SYSTEMS AND PS_COMPOSITE TABLES
 st_vsinlim,Stellar Rotational Velocity Limit Flag, st_vsinlim,Stellar Rotational Velocity Limit Flag,st_vsinilim,Stellar Rotational Velocity Limit Flag,N/A,BOTH PLANETARY SYSTEMS AND PS_COMPOSITE TABLES,N/A,BOTH PLANETARY SYSTEMS AND PS_COMPOSITE TABLES
N/A,PLANETARY SYSTEMS COMPOSITE PARAMETERS ONLY, st_vsin_reflink,Stellar Rotational Velocity Reference,N/A,PLANETARY SYSTEMS COMPOSITE PARAMETERS ONLY,N/A,PLANETARY SYSTEMS COMPOSITE PARAMETERS ONLY,N/A,PLANETARY SYSTEMS COMPOSITE PARAMETERS ONLY
 st_rotp,Stellar Rotational Period [days], st_rotp,Stellar Rotational Period [days],N/A,BOTH PLANETARY SYSTEMS AND PS_COMPOSITE TABLES,N/A,BOTH PLANETARY SYSTEMS AND PS_COMPOSITE TABLES,N/A,BOTH PLANETARY SYSTEMS AND PS_COMPOSITE TABLES
 st_rotperr1,Stellar Rotational Period [days] Upper Unc., st_rotperr1,Stellar Rotational Period [days] Upper Unc.,N/A,BOTH PLANETARY SYSTEMS AND PS_COMPOSITE TABLES,N/A,BOTH PLANETARY SYSTEMS AND PS_COMPOSITE TABLES,N/A,BOTH PLANETARY SYSTEMS AND PS_COMPOSITE TABLES
 st_rotperr2,Stellar Rotational Period [days] Lower Unc., st_rotperr2,Stellar Rotational Period [days] Lower Unc.,N/A,BOTH PLANETARY SYSTEMS AND PS_COMPOSITE TABLES,N/A,BOTH PLANETARY SYSTEMS AND PS_COMPOSITE TABLES,N/A,BOTH PLANETARY SYSTEMS AND PS_COMPOSITE TABLES
 st_rotplim,Stellar Rotational Period Limit Flag, st_rotplim,Stellar Rotational Period Limit Flag,N/A,BOTH PLANETARY SYSTEMS AND PS_COMPOSITE TABLES,N/A,BOTH PLANETARY SYSTEMS AND PS_COMPOSITE TABLES,N/A,BOTH PLANETARY SYSTEMS AND PS_COMPOSITE TABLES
N/A,PLANETARY SYSTEMS COMPOSITE PARAMETERS ONLY, st_rotp_reflink,Stellar Rotational Period Reference,N/A,PLANETARY SYSTEMS COMPOSITE PARAMETERS ONLY,N/A,PLANETARY SYSTEMS COMPOSITE PARAMETERS ONLY,N/A,PLANETARY SYSTEMS COMPOSITE PARAMETERS ONLY
 st_radv,Systemic Radial Velocity [km/s], st_radv,Systemic Radial Velocity [km/s],st_radv,Systemic Radial Velocity [km/s],N/A,BOTH PLANETARY SYSTEMS AND PS_COMPOSITE TABLES,N/A,BOTH PLANETARY SYSTEMS AND PS_COMPOSITE TABLES
 st_radverr1,Systemic Radial Velocity Upper Unc. [km/s], st_radverr1,Systemic Radial Velocity Upper Unc. [km/s],st_radverr1,Systemic Radial Velocity Upper Unc. [km/s],N/A,BOTH PLANETARY SYSTEMS AND PS_COMPOSITE TABLES,N/A,BOTH PLANETARY SYSTEMS AND PS_COMPOSITE TABLES
 st_radverr2,Systemic Radial Velocity Lower Unc. [km/s], st_radverr2,Systemic Radial Velocity Lower Unc. [km/s],st_radverr2,Systemic Radial Velocity Lower Unc. [km/s],N/A,BOTH PLANETARY SYSTEMS AND PS_COMPOSITE TABLES,N/A,BOTH PLANETARY SYSTEMS AND PS_COMPOSITE TABLES
 st_radvlim,Systemic Radial Velocity Limit Flag, st_radvlim,Systemic Radial Velocity Limit Flag,st_radvlim,Systemic Radial Velocity Limit Flag,N/A,BOTH PLANETARY SYSTEMS AND PS_COMPOSITE TABLES,N/A,BOTH PLANETARY SYSTEMS AND PS_COMPOSITE TABLES
N/A,PLANETARY SYSTEMS COMPOSITE PARAMETERS ONLY, st_radv_reflink,Systemic Radial Velocity Reference,N/A,PLANETARY SYSTEMS COMPOSITE PARAMETERS ONLY,N/A,PLANETARY SYSTEMS COMPOSITE PARAMETERS ONLY,N/A,PLANETARY SYSTEMS COMPOSITE PARAMETERS ONLY
 sy_refname,System Parameter Reference,N/A,PLANETARY SYSTEMS ONLY,N/A,PLANETARY SYSTEMS ONLY,N/A,PLANETARY SYSTEMS ONLY,N/A,PLANETARY SYSTEMS ONLY
 rastr,RA [sexagesimal], rastr,RA [sexagesimal],ra_str,RA [sexagesimal],ra_str,RA [sexagesimal],ra_str,RA [sexagesimal]
 ra,RA [decimal], ra,RA [decimal],ra,RA [decimal],ra,RA [decimal],ra,RA [decimal]
 decstr,Dec [sexagesimal], decstr,Dec [sexagesimal],dec_str,Dec [sexagesimal],dec_str,Dec [sexagesimal],dec_str,Dec [sexagesimal]
 dec,Dec [decimal], dec,Dec [decimal],dec,Dec [decimal],dec,Dec [decimal],dec,Dec [decimal]
 raerr1,RA Upper Unc, raerr1,RA Upper Unc,N/A,BOTH PLANETARY SYSTEMS AND PS_COMPOSITE TABLES,N/A,BOTH PLANETARY SYSTEMS AND PS_COMPOSITE TABLES,N/A,BOTH PLANETARY SYSTEMS AND PS_COMPOSITE TABLES
 raerr2,RA Lower Unc, raerr2,RA Lower Unc,N/A,BOTH PLANETARY SYSTEMS AND PS_COMPOSITE TABLES,N/A,BOTH PLANETARY SYSTEMS AND PS_COMPOSITE TABLES,N/A,BOTH PLANETARY SYSTEMS AND PS_COMPOSITE TABLES
 decerr1,Dec Upper Unc, decerr1,Dec Upper Unc,N/A,BOTH PLANETARY SYSTEMS AND PS_COMPOSITE TABLES,N/A,BOTH PLANETARY SYSTEMS AND PS_COMPOSITE TABLES,N/A,BOTH PLANETARY SYSTEMS AND PS_COMPOSITE TABLES
 decerr2,Dec Lower Unc, decerr2,Dec Lower Unc,N/A,BOTH PLANETARY SYSTEMS AND PS_COMPOSITE TABLES,N/A,BOTH PLANETARY SYSTEMS AND PS_COMPOSITE TABLES,N/A,BOTH PLANETARY SYSTEMS AND PS_COMPOSITE TABLES
 glat,Galactic Latitude [deg], glat,Galactic Latitude [deg],st_glat,Galactic Latitude [deg],N/A,BOTH PLANETARY SYSTEMS AND PS_COMPOSITE TABLES,N/A,BOTH PLANETARY SYSTEMS AND PS_COMPOSITE TABLES
 glaterr1,Galactic Latitude [deg] Upper Unc, glaterr1,Galactic Latitude [deg] Upper Unc,N/A,BOTH PLANETARY SYSTEMS AND PS_COMPOSITE TABLES,N/A,BOTH PLANETARY SYSTEMS AND PS_COMPOSITE TABLES,N/A,BOTH PLANETARY SYSTEMS AND PS_COMPOSITE TABLES
 glaterr2,Galactic Latitude [deg] Lower Unc, glaterr2,Galactic Latitude [deg] Lower Unc,N/A,BOTH PLANETARY SYSTEMS AND PS_COMPOSITE TABLES,N/A,BOTH PLANETARY SYSTEMS AND PS_COMPOSITE TABLES,N/A,BOTH PLANETARY SYSTEMS AND PS_COMPOSITE TABLES
 glon,Galactic Longitude [deg], glon,Galactic Longitude [deg],st_glon,Galactic Longitude [deg],N/A,BOTH PLANETARY SYSTEMS AND PS_COMPOSITE TABLES,N/A,BOTH PLANETARY SYSTEMS AND PS_COMPOSITE TABLES
 glonerr1,Galactic Longitude [deg] Upper Unc, glonerr1,Galactic Longitude [deg] Upper Unc,N/A,BOTH PLANETARY SYSTEMS AND PS_COMPOSITE TABLES,N/A,BOTH PLANETARY SYSTEMS AND PS_COMPOSITE TABLES,N/A,BOTH PLANETARY SYSTEMS AND PS_COMPOSITE TABLES
 glonerr2,Galactic Longitude [deg] Lower Unc, glonerr2,Galactic Longitude [deg] Lower Unc,N/A,BOTH PLANETARY SYSTEMS AND PS_COMPOSITE TABLES,N/A,BOTH PLANETARY SYSTEMS AND PS_COMPOSITE TABLES,N/A,BOTH PLANETARY SYSTEMS AND PS_COMPOSITE TABLES
 elat,Ecliptic Latitude [deg], elat,Ecliptic Latitude [deg],st_elat,Ecliptic Latitude [deg],N/A,BOTH PLANETARY SYSTEMS AND PS_COMPOSITE TABLES,N/A,BOTH PLANETARY SYSTEMS AND PS_COMPOSITE TABLES
 elaterr1,Ecliptic Latitude [deg] Upper Unc, elaterr1,Ecliptic Latitude [deg] Upper Unc,N/A,BOTH PLANETARY SYSTEMS AND PS_COMPOSITE TABLES,N/A,BOTH PLANETARY SYSTEMS AND PS_COMPOSITE TABLES,N/A,BOTH PLANETARY SYSTEMS AND PS_COMPOSITE TABLES
 elaterr2,Ecliptic Latitude [deg] Lower Unc, elaterr2,Ecliptic Latitude [deg] Lower Unc,N/A,BOTH PLANETARY SYSTEMS AND PS_COMPOSITE TABLES,N/A,BOTH PLANETARY SYSTEMS AND PS_COMPOSITE TABLES,N/A,BOTH PLANETARY SYSTEMS AND PS_COMPOSITE TABLES
 elon,Ecliptic Longitude [deg], elon,Ecliptic Longitude [deg],st_elon,Ecliptic Longitude [deg],N/A,BOTH PLANETARY SYSTEMS AND PS_COMPOSITE TABLES,N/A,BOTH PLANETARY SYSTEMS AND PS_COMPOSITE TABLES
 elonerr1,Ecliptic Longitude [deg] Upper Unc, elonerr1,Ecliptic Longitude [deg] Upper Unc,N/A,BOTH PLANETARY SYSTEMS AND PS_COMPOSITE TABLES,N/A,BOTH PLANETARY SYSTEMS AND PS_COMPOSITE TABLES,N/A,BOTH PLANETARY SYSTEMS AND PS_COMPOSITE TABLES
 elonerr2,Ecliptic Longitude [deg] Lower Unc, elonerr2,Ecliptic Longitude [deg] Lower Unc,N/A,BOTH PLANETARY SYSTEMS AND PS_COMPOSITE TABLES,N/A,BOTH PLANETARY SYSTEMS AND PS_COMPOSITE TABLES,N/A,BOTH PLANETARY SYSTEMS AND PS_COMPOSITE TABLES
N/A,PLANETARY SYSTEMS COMPOSITE PARAMETERS ONLY, ra_reflink,Position Reference,N/A,PLANETARY SYSTEMS COMPOSITE PARAMETERS ONLY,N/A,PLANETARY SYSTEMS COMPOSITE PARAMETERS ONLY,N/A,PLANETARY SYSTEMS COMPOSITE PARAMETERS ONLY
 sy_pm,Total Proper Motion [mas/yr], sy_pm,Total Proper Motion [mas/yr],st_pm,Total Proper Motion [mas/yr],N/A,BOTH PLANETARY SYSTEMS AND PS_COMPOSITE TABLES,N/A,BOTH PLANETARY SYSTEMS AND PS_COMPOSITE TABLES
 sy_pmerr1,Total Proper Motion Upper Unc [mas/yr], sy_pmerr1,Total Proper Motion Upper Unc [mas/yr],st_pmerr,Total Proper Motion Upper Unc [mas/yr],N/A,BOTH PLANETARY SYSTEMS AND PS_COMPOSITE TABLES,N/A,BOTH PLANETARY SYSTEMS AND PS_COMPOSITE TABLES
 sy_pmerr2,Total Proper Motion Lower Unc [mas/yr], sy_pmerr2,Total Proper Motion Lower Unc [mas/yr],st_pmerr,Total Proper Motion Lower Unc [mas/yr],N/A,BOTH PLANETARY SYSTEMS AND PS_COMPOSITE TABLES,N/A,BOTH PLANETARY SYSTEMS AND PS_COMPOSITE TABLES
N/A,PLANETARY SYSTEMS COMPOSITE PARAMETERS ONLY, sy_pm_reflink,Total Proper Motion Reference,N/A,PLANETARY SYSTEMS COMPOSITE PARAMETERS ONLY,N/A,PLANETARY SYSTEMS COMPOSITE PARAMETERS ONLY,N/A,PLANETARY SYSTEMS COMPOSITE PARAMETERS ONLY
 sy_pmra,Proper Motion (RA) [mas/yr], sy_pmra,Proper Motion (RA) [mas/yr],st_pmra,Proper Motion (RA) [mas/yr],N/A,BOTH PLANETARY SYSTEMS AND PS_COMPOSITE TABLES,N/A,BOTH PLANETARY SYSTEMS AND PS_COMPOSITE TABLES
 sy_pmraerr1,Proper Motion (RA) [mas/yr] Upper Unc, sy_pmraerr1,Proper Motion (RA) [mas/yr] Upper Unc,st_pmraerr,Proper Motion (RA) [mas/yr] Upper Unc,N/A,BOTH PLANETARY SYSTEMS AND PS_COMPOSITE TABLES,N/A,BOTH PLANETARY SYSTEMS AND PS_COMPOSITE TABLES
 sy_pmraerr2,Proper Motion (RA) [mas/yr] Lower Unc, sy_pmraerr2,Proper Motion (RA) [mas/yr] Lower Unc,st_pmraerr,Proper Motion (RA) [mas/yr] Lower Unc,N/A,BOTH PLANETARY SYSTEMS AND PS_COMPOSITE TABLES,N/A,BOTH PLANETARY SYSTEMS AND PS_COMPOSITE TABLES
N/A,PLANETARY SYSTEMS COMPOSITE PARAMETERS ONLY, sy_pmra_reflink,Proper Motion (RA) Reference,N/A,PLANETARY SYSTEMS COMPOSITE PARAMETERS ONLY,N/A,PLANETARY SYSTEMS COMPOSITE PARAMETERS ONLY,N/A,PLANETARY SYSTEMS COMPOSITE PARAMETERS ONLY
 sy_pmdec,Proper Motion (Dec) [mas/yr], sy_pmdec,Proper Motion (Dec) [mas/yr],st_pmdec,Proper Motion (Dec) [mas/yr],N/A,BOTH PLANETARY SYSTEMS AND PS_COMPOSITE TABLES,N/A,BOTH PLANETARY SYSTEMS AND PS_COMPOSITE TABLES
 sy_pmdecerr1,Proper Motion (Dec) [mas/yr] Upper Unc, sy_pmdecerr1,Proper Motion (Dec) [mas/yr] Upper Unc,st_pmdecerr,Proper Motion (Dec) [mas/yr] Upper Unc,N/A,BOTH PLANETARY SYSTEMS AND PS_COMPOSITE TABLES,N/A,BOTH PLANETARY SYSTEMS AND PS_COMPOSITE TABLES
 sy_pmdecerr2,Proper Motion (Dec) [mas/yr] Lower Unc, sy_pmdecerr2,Proper Motion (Dec) [mas/yr] Lower Unc,st_pmdecerr,Proper Motion (Dec) [mas/yr] Lower Unc,N/A,BOTH PLANETARY SYSTEMS AND PS_COMPOSITE TABLES,N/A,BOTH PLANETARY SYSTEMS AND PS_COMPOSITE TABLES
N/A,PLANETARY SYSTEMS COMPOSITE PARAMETERS ONLY, sy_pmdec_reflink,Proper Motion (Dec) Reference,N/A,PLANETARY SYSTEMS COMPOSITE PARAMETERS ONLY,N/A,PLANETARY SYSTEMS COMPOSITE PARAMETERS ONLY,N/A,PLANETARY SYSTEMS COMPOSITE PARAMETERS ONLY
 sy_dist,Distance [pc], sy_dist,Distance [pc],st_dist,Distance [pc],fst_dist,Distance [pc],N/A,BOTH PLANETARY SYSTEMS AND PS_COMPOSITE TABLES
 sy_disterr1,Distance [pc] Upper Unc, sy_disterr1,Distance [pc] Upper Unc,st_disterr1,Distance [pc] Upper Unc,fst_disterr1,Distance [pc] Upper Unc,N/A,BOTH PLANETARY SYSTEMS AND PS_COMPOSITE TABLES
 sy_disterr2,Distance [pc] Lower Unc, sy_disterr2,Distance [pc] Lower Unc,st_disterr2,Distance [pc] Lower Unc,fst_disterr2,Distance [pc] Lower Unc,N/A,BOTH PLANETARY SYSTEMS AND PS_COMPOSITE TABLES
N/A,PLANETARY SYSTEMS COMPOSITE PARAMETERS ONLY, sy_dist_reflink,Distance Reference,N/A,PLANETARY SYSTEMS COMPOSITE PARAMETERS ONLY,fst_distreflink,Distance Reference,N/A,PLANETARY SYSTEMS COMPOSITE PARAMETERS ONLY
 sy_plx,Parallax [mas], sy_plx,Parallax [mas],st_plx,Parallax [mas],N/A,BOTH PLANETARY SYSTEMS AND PS_COMPOSITE TABLES,N/A,BOTH PLANETARY SYSTEMS AND PS_COMPOSITE TABLES
 sy_plxerr1,Parallax [mas] Upper Unc, sy_plxerr1,Parallax [mas] Upper Unc,st_plxerr1,Parallax [mas] Upper Unc,N/A,BOTH PLANETARY SYSTEMS AND PS_COMPOSITE TABLES,N/A,BOTH PLANETARY SYSTEMS AND PS_COMPOSITE TABLES
 sy_plxerr2,Parallax [mas] Lower Unc, sy_plxerr2,Parallax [mas] Lower Unc,st_plxerr2,Parallax [mas] Lower Unc,N/A,BOTH PLANETARY SYSTEMS AND PS_COMPOSITE TABLES,N/A,BOTH PLANETARY SYSTEMS AND PS_COMPOSITE TABLES
N/A,PLANETARY SYSTEMS COMPOSITE PARAMETERS ONLY, sy_plx_reflink,Parallax Reference,N/A,PLANETARY SYSTEMS COMPOSITE PARAMETERS ONLY,N/A,PLANETARY SYSTEMS COMPOSITE PARAMETERS ONLY,N/A,PLANETARY SYSTEMS COMPOSITE PARAMETERS ONLY
 sy_bmag,B (Johnson) Magnitude, sy_bmag,B (Johnson) Magnitude,st_bj,B (Johnson) Magnitude,N/A,BOTH PLANETARY SYSTEMS AND PS_COMPOSITE TABLES,N/A,BOTH PLANETARY SYSTEMS AND PS_COMPOSITE TABLES
 sy_bmagerr1,B (Johnson) Magnitude Upper Unc, sy_bmagerr1,B (Johnson) Magnitude Upper Unc,st_bjerr,B (Johnson) Magnitude Upper Unc,N/A,BOTH PLANETARY SYSTEMS AND PS_COMPOSITE TABLES,N/A,BOTH PLANETARY SYSTEMS AND PS_COMPOSITE TABLES
 sy_bmagerr2,B (Johnson) Magnitude Lower Unc, sy_bmagerr2,B (Johnson) Magnitude Lower Unc,st_bjerr,B (Johnson) Magnitude Lower Unc,N/A,BOTH PLANETARY SYSTEMS AND PS_COMPOSITE TABLES,N/A,BOTH PLANETARY SYSTEMS AND PS_COMPOSITE TABLES
N/A,PLANETARY SYSTEMS COMPOSITE PARAMETERS ONLY, sy_bmag_reflink,B (Johnson) Magnitude Reference,N/A,PLANETARY SYSTEMS COMPOSITE PARAMETERS ONLY,N/A,PLANETARY SYSTEMS COMPOSITE PARAMETERS ONLY,N/A,PLANETARY SYSTEMS COMPOSITE PARAMETERS ONLY
 sy_vmag,V (Johnson) Magnitude, sy_vmag,V (Johnson) Magnitude,st_vj,V (Johnson) Magnitude,N/A,BOTH PLANETARY SYSTEMS AND PS_COMPOSITE TABLES,N/A,BOTH PLANETARY SYSTEMS AND PS_COMPOSITE TABLES
 sy_vmagerr1,V (Johnson) Magnitude Upper Unc, sy_vmagerr1,V (Johnson) Magnitude Upper Unc,st_vjerr,V (Johnson) Magnitude Upper Unc,N/A,BOTH PLANETARY SYSTEMS AND PS_COMPOSITE TABLES,N/A,BOTH PLANETARY SYSTEMS AND PS_COMPOSITE TABLES
 sy_vmagerr2,V (Johnson) Magnitude Lower Unc, sy_vmagerr2,V (Johnson) Magnitude Lower Unc,st_vjerr,V (Johnson) Magnitude Lower Unc,N/A,BOTH PLANETARY SYSTEMS AND PS_COMPOSITE TABLES,N/A,BOTH PLANETARY SYSTEMS AND PS_COMPOSITE TABLES
N/A,PLANETARY SYSTEMS COMPOSITE PARAMETERS ONLY, sy_vmag_reflink,V (Johnson) Magnitude Reference,N/A,PLANETARY SYSTEMS COMPOSITE PARAMETERS ONLY,N/A,PLANETARY SYSTEMS COMPOSITE PARAMETERS ONLY,N/A,PLANETARY SYSTEMS COMPOSITE PARAMETERS ONLY
 sy_jmag,J (2MASS) Magnitude, sy_jmag,J (2MASS) Magnitude,st_j,J (2MASS) Magnitude,N/A,BOTH PLANETARY SYSTEMS AND PS_COMPOSITE TABLES,N/A,BOTH PLANETARY SYSTEMS AND PS_COMPOSITE TABLES
 sy_jmagerr1,J (2MASS) Magnitude Upper Unc, sy_jmagerr1,J (2MASS) Magnitude Upper Unc,st_jerr,J (2MASS) Magnitude Upper Unc,N/A,BOTH PLANETARY SYSTEMS AND PS_COMPOSITE TABLES,N/A,BOTH PLANETARY SYSTEMS AND PS_COMPOSITE TABLES
 sy_jmagerr2,J (2MASS) Magnitude Lower Unc, sy_jmagerr2,J (2MASS) Magnitude Lower Unc,st_jerr,J (2MASS) Magnitude Lower Unc,N/A,BOTH PLANETARY SYSTEMS AND PS_COMPOSITE TABLES,N/A,BOTH PLANETARY SYSTEMS AND PS_COMPOSITE TABLES
N/A,PLANETARY SYSTEMS COMPOSITE PARAMETERS ONLY, sy_jmag_reflink,J (2MASS) Magnitude Reference,N/A,PLANETARY SYSTEMS COMPOSITE PARAMETERS ONLY,N/A,PLANETARY SYSTEMS COMPOSITE PARAMETERS ONLY,N/A,PLANETARY SYSTEMS COMPOSITE PARAMETERS ONLY
 sy_hmag,H (2MASS) Magnitude, sy_hmag,H (2MASS) Magnitude,st_h,H (2MASS) Magnitude,N/A,BOTH PLANETARY SYSTEMS AND PS_COMPOSITE TABLES,N/A,BOTH PLANETARY SYSTEMS AND PS_COMPOSITE TABLES
 sy_hmagerr1,H (2MASS) Magnitude Upper Unc, sy_hmagerr1,H (2MASS) Magnitude Upper Unc,st_herr,H (2MASS) Magnitude Upper Unc,N/A,BOTH PLANETARY SYSTEMS AND PS_COMPOSITE TABLES,N/A,BOTH PLANETARY SYSTEMS AND PS_COMPOSITE TABLES
 sy_hmagerr2,H (2MASS) Magnitude Lower Unc, sy_hmagerr2,H (2MASS) Magnitude Lower Unc,st_herr,H (2MASS) Magnitude Lower Unc,N/A,BOTH PLANETARY SYSTEMS AND PS_COMPOSITE TABLES,N/A,BOTH PLANETARY SYSTEMS AND PS_COMPOSITE TABLES
N/A,PLANETARY SYSTEMS COMPOSITE PARAMETERS ONLY, sy_hmag_reflink,H (2MASS) Magnitude Reference,N/A,PLANETARY SYSTEMS COMPOSITE PARAMETERS ONLY,N/A,PLANETARY SYSTEMS COMPOSITE PARAMETERS ONLY,N/A,PLANETARY SYSTEMS COMPOSITE PARAMETERS ONLY
 sy_kmag,Ks (2MASS) Magnitude, sy_kmag,Ks (2MASS) Magnitude,st_k,Ks (2MASS) Magnitude,N/A,BOTH PLANETARY SYSTEMS AND PS_COMPOSITE TABLES,N/A,BOTH PLANETARY SYSTEMS AND PS_COMPOSITE TABLES
 sy_kmagerr1,Ks (2MASS) Magnitude Upper Unc, sy_kmagerr1,Ks (2MASS) Magnitude Upper Unc,st_kerr,Ks (2MASS) Magnitude Upper Unc,N/A,BOTH PLANETARY SYSTEMS AND PS_COMPOSITE TABLES,N/A,BOTH PLANETARY SYSTEMS AND PS_COMPOSITE TABLES
 sy_kmagerr2,Ks (2MASS) Magnitude Lower Unc, sy_kmagerr2,Ks (2MASS) Magnitude Lower Unc,st_kerr,Ks (2MASS) Magnitude Lower Unc,N/A,BOTH PLANETARY SYSTEMS AND PS_COMPOSITE TABLES,N/A,BOTH PLANETARY SYSTEMS AND PS_COMPOSITE TABLES
N/A,PLANETARY SYSTEMS COMPOSITE PARAMETERS ONLY, sy_kmag_reflink,K2 (2MASS) Magnitude Reference,N/A,PLANETARY SYSTEMS COMPOSITE PARAMETERS ONLY,N/A,PLANETARY SYSTEMS COMPOSITE PARAMETERS ONLY,N/A,PLANETARY SYSTEMS COMPOSITE PARAMETERS ONLY
 sy_umag,u (Sloan) Magnitude, sy_umag,u (Sloan) Magnitude,st_uj,Johnson U-band replaced with Sloan u-band,N/A,BOTH PLANETARY SYSTEMS AND PS_COMPOSITE TABLES,N/A,BOTH PLANETARY SYSTEMS AND PS_COMPOSITE TABLES
 sy_umagerr1,u (Sloan) Magnitude Upper Unc, sy_umagerr1,u (Sloan) Magnitude Upper Unc,st_ujerr,u (Sloan) Magnitude Upper Unc,N/A,BOTH PLANETARY SYSTEMS AND PS_COMPOSITE TABLES,N/A,BOTH PLANETARY SYSTEMS AND PS_COMPOSITE TABLES
 sy_umagerr2,u (Sloan) Magnitude Lower Unc, sy_umagerr2,u (Sloan) Magnitude Lower Unc,st_ujerr,u (Sloan) Magnitude Lower Unc,N/A,BOTH PLANETARY SYSTEMS AND PS_COMPOSITE TABLES,N/A,BOTH PLANETARY SYSTEMS AND PS_COMPOSITE TABLES
N/A,PLANETARY SYSTEMS COMPOSITE PARAMETERS ONLY, sy_umag_reflink,u (Sloan) Magnitude Reference,N/A,PLANETARY SYSTEMS COMPOSITE PARAMETERS ONLY,N/A,PLANETARY SYSTEMS COMPOSITE PARAMETERS ONLY,N/A,PLANETARY SYSTEMS COMPOSITE PARAMETERS ONLY
 sy_gmag,g (Sloan) Magnitude, sy_gmag,g (Sloan) Magnitude,N/A,BOTH PLANETARY SYSTEMS AND PS_COMPOSITE TABLES,N/A,BOTH PLANETARY SYSTEMS AND PS_COMPOSITE TABLES,N/A,BOTH PLANETARY SYSTEMS AND PS_COMPOSITE TABLES
 sy_gmagerr1,g (Sloan) Magnitude Upper Unc, sy_gmagerr1,g (Sloan) Magnitude Upper Unc,N/A,BOTH PLANETARY SYSTEMS AND PS_COMPOSITE TABLES,N/A,BOTH PLANETARY SYSTEMS AND PS_COMPOSITE TABLES,N/A,BOTH PLANETARY SYSTEMS AND PS_COMPOSITE TABLES
 sy_gmagerr2,g (Sloan) Magnitude Lower Unc, sy_gmagerr2,g (Sloan) Magnitude Lower Unc,N/A,BOTH PLANETARY SYSTEMS AND PS_COMPOSITE TABLES,N/A,BOTH PLANETARY SYSTEMS AND PS_COMPOSITE TABLES,N/A,BOTH PLANETARY SYSTEMS AND PS_COMPOSITE TABLES
N/A,PLANETARY SYSTEMS COMPOSITE PARAMETERS ONLY, sy_gmag_reflink,g (Sloan) Magnitude Reference,N/A,PLANETARY SYSTEMS COMPOSITE PARAMETERS ONLY,N/A,PLANETARY SYSTEMS COMPOSITE PARAMETERS ONLY,N/A,PLANETARY SYSTEMS COMPOSITE PARAMETERS ONLY
 sy_rmag,r (Sloan) Magnitude, sy_rmag,r (Sloan) Magnitude,st_rc,Cousins R-band replaced with Sloan r-band,N/A,BOTH PLANETARY SYSTEMS AND PS_COMPOSITE TABLES,N/A,BOTH PLANETARY SYSTEMS AND PS_COMPOSITE TABLES
 sy_rmagerr1,r (Sloan) Magnitude Upper Unc, sy_rmagerr1,r (Sloan) Magnitude Upper Unc,st_rcerr,r (Sloan) Magnitude Upper Unc,N/A,BOTH PLANETARY SYSTEMS AND PS_COMPOSITE TABLES,N/A,BOTH PLANETARY SYSTEMS AND PS_COMPOSITE TABLES
 sy_rmagerr2,r (Sloan) Magnitude Lower Unc, sy_rmagerr2,r (Sloan) Magnitude Lower Unc,st_rcerr,r (Sloan) Magnitude Lower Unc,N/A,BOTH PLANETARY SYSTEMS AND PS_COMPOSITE TABLES,N/A,BOTH PLANETARY SYSTEMS AND PS_COMPOSITE TABLES
N/A,PLANETARY SYSTEMS COMPOSITE PARAMETERS ONLY, sy_rmag_reflink,r (Sloan) Magnitude Reference,N/A,PLANETARY SYSTEMS COMPOSITE PARAMETERS ONLY,N/A,PLANETARY SYSTEMS COMPOSITE PARAMETERS ONLY,N/A,PLANETARY SYSTEMS COMPOSITE PARAMETERS ONLY
 sy_imag,i (Sloan) Magnitude, sy_imag,i (Sloan) Magnitude,N/A,BOTH PLANETARY SYSTEMS AND PS_COMPOSITE TABLES,N/A,BOTH PLANETARY SYSTEMS AND PS_COMPOSITE TABLES,N/A,BOTH PLANETARY SYSTEMS AND PS_COMPOSITE TABLES
 sy_imagerr1,i (Sloan) Magnitude Upper Unc, sy_imagerr1,i (Sloan) Magnitude Upper Unc,N/A,BOTH PLANETARY SYSTEMS AND PS_COMPOSITE TABLES,N/A,BOTH PLANETARY SYSTEMS AND PS_COMPOSITE TABLES,N/A,BOTH PLANETARY SYSTEMS AND PS_COMPOSITE TABLES
 sy_imagerr2,i (Sloan) Magnitude Lower Unc, sy_imagerr2,i (Sloan) Magnitude Lower Unc,N/A,BOTH PLANETARY SYSTEMS AND PS_COMPOSITE TABLES,N/A,BOTH PLANETARY SYSTEMS AND PS_COMPOSITE TABLES,N/A,BOTH PLANETARY SYSTEMS AND PS_COMPOSITE TABLES
N/A,PLANETARY SYSTEMS COMPOSITE PARAMETERS ONLY, sy_imag_reflink,i (Sloan) Magnitude Reference,N/A,PLANETARY SYSTEMS COMPOSITE PARAMETERS ONLY,N/A,PLANETARY SYSTEMS COMPOSITE PARAMETERS ONLY,N/A,PLANETARY SYSTEMS COMPOSITE PARAMETERS ONLY
 sy_zmag,z (Sloan) Magnitude, sy_zmag,z (Sloan) Magnitude,N/A,BOTH PLANETARY SYSTEMS AND PS_COMPOSITE TABLES,N/A,BOTH PLANETARY SYSTEMS AND PS_COMPOSITE TABLES,N/A,BOTH PLANETARY SYSTEMS AND PS_COMPOSITE TABLES
 sy_zmagerr1,z (Sloan) Magnitude Upper Unc, sy_zmagerr1,z (Sloan) Magnitude Upper Unc,N/A,BOTH PLANETARY SYSTEMS AND PS_COMPOSITE TABLES,N/A,BOTH PLANETARY SYSTEMS AND PS_COMPOSITE TABLES,N/A,BOTH PLANETARY SYSTEMS AND PS_COMPOSITE TABLES
 sy_zmagerr2,z (Sloan) Magnitude Lower Unc, sy_zmagerr2,z (Sloan) Magnitude Lower Unc,N/A,BOTH PLANETARY SYSTEMS AND PS_COMPOSITE TABLES,N/A,BOTH PLANETARY SYSTEMS AND PS_COMPOSITE TABLES,N/A,BOTH PLANETARY SYSTEMS AND PS_COMPOSITE TABLES
N/A,PLANETARY SYSTEMS COMPOSITE PARAMETERS ONLY, sy_zmag_reflink,z (Sloan) Magnitude Reference,N/A,PLANETARY SYSTEMS COMPOSITE PARAMETERS ONLY,N/A,PLANETARY SYSTEMS COMPOSITE PARAMETERS ONLY,N/A,PLANETARY SYSTEMS COMPOSITE PARAMETERS ONLY
 sy_w1mag,W1 (WISE) Magnitude, sy_w1mag,W1 (WISE) Magnitude,st_wise1,W1 (WISE) Magnitude,N/A,BOTH PLANETARY SYSTEMS AND PS_COMPOSITE TABLES,N/A,BOTH PLANETARY SYSTEMS AND PS_COMPOSITE TABLES
 sy_w1magerr1,W1 (WISE) Magnitude Upper Unc, sy_w1magerr1,W1 (WISE) Magnitude Upper Unc,st_wise1err,W1 (WISE) Magnitude Upper Unc,N/A,BOTH PLANETARY SYSTEMS AND PS_COMPOSITE TABLES,N/A,BOTH PLANETARY SYSTEMS AND PS_COMPOSITE TABLES
 sy_w1magerr2,W1 (WISE) Magnitude Lower Unc, sy_w1magerr2,W1 (WISE) Magnitude Lower Unc,st_wise1err,W1 (WISE) Magnitude Lower Unc,N/A,BOTH PLANETARY SYSTEMS AND PS_COMPOSITE TABLES,N/A,BOTH PLANETARY SYSTEMS AND PS_COMPOSITE TABLES
N/A,PLANETARY SYSTEMS COMPOSITE PARAMETERS ONLY, sy_w1mag_reflink,W1 (WISE) Magnitude Reference,N/A,PLANETARY SYSTEMS COMPOSITE PARAMETERS ONLY,N/A,PLANETARY SYSTEMS COMPOSITE PARAMETERS ONLY,N/A,PLANETARY SYSTEMS COMPOSITE PARAMETERS ONLY
 sy_w2mag,W2 (WISE) Magnitude, sy_w2mag,W2 (WISE) Magnitude,st_wise2,W2 (WISE) Magnitude,N/A,BOTH PLANETARY SYSTEMS AND PS_COMPOSITE TABLES,N/A,BOTH PLANETARY SYSTEMS AND PS_COMPOSITE TABLES
 sy_w2magerr1,W2 (WISE) Magnitude Upper Unc, sy_w2magerr1,W2 (WISE) Magnitude Upper Unc,st_wise2err,W2 (WISE) Magnitude Upper Unc,N/A,BOTH PLANETARY SYSTEMS AND PS_COMPOSITE TABLES,N/A,BOTH PLANETARY SYSTEMS AND PS_COMPOSITE TABLES
 sy_w2magerr2,W2 (WISE) Magnitude Lower Unc, sy_w2magerr2,W2 (WISE) Magnitude Lower Unc,st_wise2err,W2 (WISE) Magnitude Lower Unc,N/A,BOTH PLANETARY SYSTEMS AND PS_COMPOSITE TABLES,N/A,BOTH PLANETARY SYSTEMS AND PS_COMPOSITE TABLES
N/A,PLANETARY SYSTEMS COMPOSITE PARAMETERS ONLY, sy_w2mag_reflink,W2 (WISE) Magnitude Reference,N/A,PLANETARY SYSTEMS COMPOSITE PARAMETERS ONLY,N/A,PLANETARY SYSTEMS COMPOSITE PARAMETERS ONLY,N/A,PLANETARY SYSTEMS COMPOSITE PARAMETERS ONLY
 sy_w3mag,W3 (WISE) Magnitude, sy_w3mag,W3 (WISE) Magnitude,st_wise3,W3 (WISE) Magnitude,N/A,BOTH PLANETARY SYSTEMS AND PS_COMPOSITE TABLES,N/A,BOTH PLANETARY SYSTEMS AND PS_COMPOSITE TABLES
 sy_w3magerr1,W3 (WISE) Magnitude Upper Unc, sy_w3magerr1,W3 (WISE) Magnitude Upper Unc,st_wise3err,W3 (WISE) Magnitude Upper Unc,N/A,BOTH PLANETARY SYSTEMS AND PS_COMPOSITE TABLES,N/A,BOTH PLANETARY SYSTEMS AND PS_COMPOSITE TABLES
 sy_w3magerr2,W3 (WISE) Magnitude Lower Unc, sy_w3magerr2,W3 (WISE) Magnitude Lower Unc,st_wise3err,W3 (WISE) Magnitude Lower Unc,N/A,BOTH PLANETARY SYSTEMS AND PS_COMPOSITE TABLES,N/A,BOTH PLANETARY SYSTEMS AND PS_COMPOSITE TABLES
N/A,PLANETARY SYSTEMS COMPOSITE PARAMETERS ONLY, sy_w3mag_reflink,W3 (WISE) Magnitude Reference,N/A,PLANETARY SYSTEMS COMPOSITE PARAMETERS ONLY,N/A,PLANETARY SYSTEMS COMPOSITE PARAMETERS ONLY,N/A,PLANETARY SYSTEMS COMPOSITE PARAMETERS ONLY
 sy_w4mag,W4 (WISE) Magnitude, sy_w4mag,W4 (WISE) Magnitude,st_wise4,W4 (WISE) Magnitude,N/A,BOTH PLANETARY SYSTEMS AND PS_COMPOSITE TABLES,N/A,BOTH PLANETARY SYSTEMS AND PS_COMPOSITE TABLES
 sy_w4magerr1,W4 (WISE) Magnitude Upper Unc, sy_w4magerr1,W4 (WISE) Magnitude Upper Unc,st_wise4err,W4 (WISE) Magnitude Upper Unc,N/A,BOTH PLANETARY SYSTEMS AND PS_COMPOSITE TABLES,N/A,BOTH PLANETARY SYSTEMS AND PS_COMPOSITE TABLES
 sy_w4magerr2,W4 (WISE) Magnitude Lower Unc, sy_w4magerr2,W4 (WISE) Magnitude Lower Unc,st_wise4err,W4 (WISE) Magnitude Lower Unc,N/A,BOTH PLANETARY SYSTEMS AND PS_COMPOSITE TABLES,N/A,BOTH PLANETARY SYSTEMS AND PS_COMPOSITE TABLES
N/A,PLANETARY SYSTEMS COMPOSITE PARAMETERS ONLY, sy_w4mag_reflink,W4 (WISE) Magnitude Reference,N/A,PLANETARY SYSTEMS COMPOSITE PARAMETERS ONLY,N/A,PLANETARY SYSTEMS COMPOSITE PARAMETERS ONLY,N/A,PLANETARY SYSTEMS COMPOSITE PARAMETERS ONLY
 sy_gaiamag,Gaia Magnitude, sy_gaiamag,Gaia Magnitude,gaia_gmag,Gaia Magnitude,N/A,BOTH PLANETARY SYSTEMS AND PS_COMPOSITE TABLES,N/A,BOTH PLANETARY SYSTEMS AND PS_COMPOSITE TABLES
 sy_gaiamagerr1,Gaia Magnitude Upper Unc, sy_gaiamagerr1,Gaia Magnitude Upper Unc,gaia_gmagerr,Gaia Magnitude Upper Unc,N/A,BOTH PLANETARY SYSTEMS AND PS_COMPOSITE TABLES,N/A,BOTH PLANETARY SYSTEMS AND PS_COMPOSITE TABLES
 sy_gaiamagerr2,Gaia Magnitude Lower Unc, sy_gaiamagerr2,Gaia Magnitude Lower Unc,gaia_gmagerr,Gaia Magnitude Lower Unc,N/A,BOTH PLANETARY SYSTEMS AND PS_COMPOSITE TABLES,N/A,BOTH PLANETARY SYSTEMS AND PS_COMPOSITE TABLES
N/A,PLANETARY SYSTEMS COMPOSITE PARAMETERS ONLY, sy_gaiamag_reflink,Gaia Magnitude Reference,N/A,PLANETARY SYSTEMS COMPOSITE PARAMETERS ONLY,N/A,PLANETARY SYSTEMS COMPOSITE PARAMETERS ONLY,N/A,PLANETARY SYSTEMS COMPOSITE PARAMETERS ONLY
 sy_icmag,I (Cousins) Magnitude, sy_icmag,I (Cousins) Magnitude,st_ic,I (Cousins) Magnitude,N/A,BOTH PLANETARY SYSTEMS AND PS_COMPOSITE TABLES,N/A,BOTH PLANETARY SYSTEMS AND PS_COMPOSITE TABLES
 sy_icmagerr1,I (Cousins) Magnitude Upper Unc, sy_icmagerr1,I (Cousins) Magnitude Upper Unc,st_icerr,I (Cousins) Magnitude Upper Unc,N/A,BOTH PLANETARY SYSTEMS AND PS_COMPOSITE TABLES,N/A,BOTH PLANETARY SYSTEMS AND PS_COMPOSITE TABLES
 sy_icmagerr2,I (Cousins) Magnitude Lower Unc, sy_icmagerr2,I (Cousins) Magnitude Lower Unc,st_icerr,I (Cousins) Magnitude Lower Unc,N/A,BOTH PLANETARY SYSTEMS AND PS_COMPOSITE TABLES,N/A,BOTH PLANETARY SYSTEMS AND PS_COMPOSITE TABLES
N/A,PLANETARY SYSTEMS COMPOSITE PARAMETERS ONLY, sy_icmag_reflink,I (Cousins) Magnitude Reference,N/A,PLANETARY SYSTEMS COMPOSITE PARAMETERS ONLY,N/A,PLANETARY SYSTEMS COMPOSITE PARAMETERS ONLY,N/A,PLANETARY SYSTEMS COMPOSITE PARAMETERS ONLY
 sy_tmag,TESS Magnitude, sy_tmag,TESS Magnitude,N/A,BOTH PLANETARY SYSTEMS AND PS_COMPOSITE TABLES,N/A,BOTH PLANETARY SYSTEMS AND PS_COMPOSITE TABLES,N/A,BOTH PLANETARY SYSTEMS AND PS_COMPOSITE TABLES
 sy_tmagerr1,TESS Magnitude Upper Unc, sy_tmagerr1,TESS Magnitude Upper Unc,N/A,BOTH PLANETARY SYSTEMS AND PS_COMPOSITE TABLES,N/A,BOTH PLANETARY SYSTEMS AND PS_COMPOSITE TABLES,N/A,BOTH PLANETARY SYSTEMS AND PS_COMPOSITE TABLES
 sy_tmagerr2,TESS Magnitude Lower Unc, sy_tmagerr2,TESS Magnitude Lower Unc,N/A,BOTH PLANETARY SYSTEMS AND PS_COMPOSITE TABLES,N/A,BOTH PLANETARY SYSTEMS AND PS_COMPOSITE TABLES,N/A,BOTH PLANETARY SYSTEMS AND PS_COMPOSITE TABLES
N/A,PLANETARY SYSTEMS COMPOSITE PARAMETERS ONLY, sy_tmag_reflink,TESS Magnitude Reference,N/A,PLANETARY SYSTEMS COMPOSITE PARAMETERS ONLY,N/A,PLANETARY SYSTEMS COMPOSITE PARAMETERS ONLY,N/A,PLANETARY SYSTEMS COMPOSITE PARAMETERS ONLY
 sy_kepmag,Kepler Magnitude, sy_kepmag,Kepler Magnitude,N/A,BOTH PLANETARY SYSTEMS AND PS_COMPOSITE TABLES,N/A,BOTH PLANETARY SYSTEMS AND PS_COMPOSITE TABLES,N/A,BOTH PLANETARY SYSTEMS AND PS_COMPOSITE TABLES
 sy_kepmagerr1,Kepler Magnitude Upper Unc, sy_kepmagerr1,Kepler Magnitude Upper Unc,N/A,BOTH PLANETARY SYSTEMS AND PS_COMPOSITE TABLES,N/A,BOTH PLANETARY SYSTEMS AND PS_COMPOSITE TABLES,N/A,BOTH PLANETARY SYSTEMS AND PS_COMPOSITE TABLES
 sy_kepmagerr2,Kepler Magnitude Lower Unc, sy_kepmagerr2,Kepler Magnitude Lower Unc,N/A,BOTH PLANETARY SYSTEMS AND PS_COMPOSITE TABLES,N/A,BOTH PLANETARY SYSTEMS AND PS_COMPOSITE TABLES,N/A,BOTH PLANETARY SYSTEMS AND PS_COMPOSITE TABLES
N/A,PLANETARY SYSTEMS COMPOSITE PARAMETERS ONLY, sy_kepmag_reflink,Kepler Magnitude Reference,N/A,PLANETARY SYSTEMS COMPOSITE PARAMETERS ONLY,N/A,PLANETARY SYSTEMS COMPOSITE PARAMETERS ONLY,N/A,PLANETARY SYSTEMS COMPOSITE PARAMETERS ONLY
 rowupdate,Date of Last Update,N/A,PLANETARY SYSTEMS ONLY,rowupdate,Date of Last Update,N/A,BOTH PLANETARY SYSTEMS AND PS_COMPOSITE TABLES,rowupdate,Date of Last Update
 pl_pubdate,Planetary Parameter Reference Publication Date,N/A,PLANETARY SYSTEMS ONLY,pl_publ_date,Planetary Parameter Reference Publication Date,N/A,BOTH PLANETARY SYSTEMS AND PS_COMPOSITE TABLES,mpl_publ_date,Planetary Parameter Reference Publication Date
 releasedate,Release Date,N/A,PLANETARY SYSTEMS ONLY,N/A,PLANETARY SYSTEMS ONLY,N/A,PLANETARY SYSTEMS ONLY,N/A,PLANETARY SYSTEMS ONLY
 pl_nnotes,Number of Notes, pl_nnotes,Number of Notes,pl_nnotes,Number of Notes,N/A,BOTH PLANETARY SYSTEMS AND PS_COMPOSITE TABLES,N/A,BOTH PLANETARY SYSTEMS AND PS_COMPOSITE TABLES
 st_nphot,Number of Photometry Time Series, st_nphot,Number of Photometry Time Series,N/A,"st_nphot is combined total of st_nts, st_nplc, st_nglc, st_naxa",N/A,BOTH PLANETARY SYSTEMS AND PS_COMPOSITE TABLES,N/A,BOTH PLANETARY SYSTEMS AND PS_COMPOSITE TABLES
 st_nrvc,Number of Radial Velocity Time Series, st_nrvc,Number of Radial Velocity Time Series,st_nrvc,Number of Radial Velocity Time Series,N/A,BOTH PLANETARY SYSTEMS AND PS_COMPOSITE TABLES,N/A,BOTH PLANETARY SYSTEMS AND PS_COMPOSITE TABLES
 st_nspec,Number of Stellar Spectra Measurements, st_nspec,Number of Stellar Spectra Measurements,st_nspec,Number of Stellar Spectra Measurements,N/A,BOTH PLANETARY SYSTEMS AND PS_COMPOSITE TABLES,N/A,BOTH PLANETARY SYSTEMS AND PS_COMPOSITE TABLES
 pl_nespec,Number of Emission Spectroscopy Measurements, pl_nespec,Number of Emission Spectroscopy Measurements,N/A,BOTH PLANETARY SYSTEMS AND PS_COMPOSITE TABLES,N/A,BOTH PLANETARY SYSTEMS AND PS_COMPOSITE TABLES,N/A,BOTH PLANETARY SYSTEMS AND PS_COMPOSITE TABLES
 pl_ntranspec,Number of Transmission Spectroscopy Measurements, pl_ntranspec,Number of Transmission Spectroscopy Measurements,N/A,BOTH PLANETARY SYSTEMS AND PS_COMPOSITE TABLES,N/A,BOTH PLANETARY SYSTEMS AND PS_COMPOSITE TABLES,N/A,BOTH PLANETARY SYSTEMS AND PS_COMPOSITE TABLES
,,,,,,,,,
,,,`,,,,,,
